date,rank,song,artist
1970-01-03,1,Liefdeverdriet,Will Tura
1970-01-10,1,Liefdeverdriet,Will Tura
1970-01-17,1,Thanks,J. Vincent Edward
1970-01-24,1,Thanks,J. Vincent Edward
1970-01-31,1,Thanks,J. Vincent Edward
1970-02-07,1,Thanks,J. Vincent Edward
1970-02-14,1,Thanks,J. Vincent Edward
1970-02-21,1,Jingo,Santana
1970-02-28,1,Jingo,Santana
1970-03-07,1,Jingo,Santana
1970-03-14,1,Travelin' Band,Creedence Clearwater Revival
1970-03-21,1,Who'll Stop the Rain,Creedence Clearwater Revival
1970-03-28,1,Who'll Stop the Rain,Creedence Clearwater Revival
1970-04-04,1,Who'll Stop the Rain,Creedence Clearwater Revival
1970-04-11,1,Dear Ann,George Baker Selection
1970-04-18,1,Dear Ann,George Baker Selection
1970-04-25,1,All Kinds of Everything,Dana
1970-05-02,1,All Kinds of Everything,Dana
1970-05-09,1,Mademoiselle Ninette,Soulful Dynamics
1970-05-16,1,Mademoiselle Ninette,Soulful Dynamics
1970-05-23,1,El Condor Pasa,Simon & Garfunkel
1970-05-30,1,El Condor Pasa,Simon & Garfunkel
1970-06-06,1,El Condor Pasa,Simon & Garfunkel
1970-06-13,1,Keep On Smiling,James Lloyd
1970-06-20,1,Keep On Smiling,James Lloyd
1970-06-27,1,Keep On Smiling,James Lloyd
1970-07-04,1,Yellow River,Christie
1970-07-11,1,Never Marry a Railroad Man,Shocking Blue
1970-07-18,1,In the Summertime,Mungo Jerry
1970-07-25,1,In the Summertime,Mungo Jerry
1970-08-01,1,In the Summertime,Mungo Jerry
1970-08-08,1,In the Summertime,Mungo Jerry
1970-08-15,1,In the Summertime,Mungo Jerry
1970-08-22,1,In the Summertime,Mungo Jerry
1970-08-29,1,Are You Ready,Pacific Gas & Electric
1970-09-05,1,Are You Ready,Pacific Gas & Electric
1970-09-12,1,Are You Ready,Pacific Gas & Electric
1970-09-19,1,Are You Ready,Pacific Gas & Electric
1970-09-26,1,Are You Ready,Pacific Gas & Electric
1970-10-03,1,Are You Ready,Pacific Gas & Electric
1970-10-10,1,Comme j'ai toujours envie d'aimer,Marc Hamilton
1970-10-17,1,Comme j'ai toujours envie d'aimer,Marc Hamilton
1970-10-24,1,Comme j'ai toujours envie d'aimer,Marc Hamilton
1970-10-31,1,Comme j'ai toujours envie d'aimer,Marc Hamilton
1970-11-07,1,Comme j'ai toujours envie d'aimer,Marc Hamilton
1970-11-14,1,Comme j'ai toujours envie d'aimer,Marc Hamilton
1970-11-21,1,Comme j'ai toujours envie d'aimer,Marc Hamilton
1970-11-28,1,Comme j'ai toujours envie d'aimer,Marc Hamilton
1970-12-05,1,Rozen voor Sandra,Jimmy Frey
1970-12-12,1,Rozen voor Sandra,Jimmy Frey
1970-12-19,1,Rozen voor Sandra,Jimmy Frey
1970-12-26,1,Rozen voor Sandra,Jimmy Frey
1971-01-02,1,Rozen voor Sandra,Jimmy Frey
1971-01-09,1,Rozen voor Sandra,Jimmy Frey
1971-01-16,1,My Sweet Lord,George Harrison
1971-01-23,1,My Sweet Lord,George Harrison
1971-01-30,1,My Sweet Lord,George Harrison
1971-02-06,1,My Sweet Lord,George Harrison
1971-02-13,1,Rose Garden,Lynn Anderson
1971-02-20,1,Rose Garden,Lynn Anderson
1971-02-27,1,Rose Garden,Lynn Anderson
1971-03-06,1,Rose Garden,Lynn Anderson
1971-03-13,1,Chirpy Chirpy Cheep Cheep,Middle of the Road
1971-03-20,1,Chirpy Chirpy Cheep Cheep,Middle of the Road
1971-03-27,1,Chirpy Chirpy Cheep Cheep,Middle of the Road
1971-04-03,1,Du,Peter Maffay
1971-04-10,1,Du,Peter Maffay
1971-04-17,1,Du,Peter Maffay
1971-04-24,1,Du,Peter Maffay
1971-05-01,1,Du,Peter Maffay
1971-05-08,1,"Funny, Funny",The Sweet
1971-05-15,1,"Funny, Funny",The Sweet
1971-05-22,1,"Funny, Funny",The Sweet
1971-05-29,1,Zonneschijn,Will Tura
1971-06-05,1,Zonneschijn,Will Tura
1971-06-12,1,Rosetta,Georgie Fame & Alan Price
1971-06-19,1,Rosetta,Georgie Fame & Alan Price
1971-06-26,1,Ein Madchen fur immer,Peter Orloff
1971-07-03,1,Put Your Hand In the Hand,Ocean
1971-07-10,1,Pour un flirt,Michel Delpech
1971-07-17,1,Pour un flirt,Michel Delpech
1971-07-24,1,Pour un flirt,Michel Delpech
1971-07-31,1,Pour un flirt,Michel Delpech
1971-08-07,1,Pour un flirt,Michel Delpech
1971-08-14,1,Pour un flirt,Michel Delpech
1971-08-21,1,Co-Co,The Sweet
1971-08-28,1,Borriquito,Peret
1971-09-04,1,Borriquito,Peret
1971-09-11,1,Borriquito,Peret
1971-09-18,1,Borriquito,Peret
1971-09-25,1,Borriquito,Peret
1971-10-02,1,Borriquito,Peret
1971-10-09,1,Mamy Blue,Pop Tops
1971-10-16,1,Mamy Blue,Pop Tops
1971-10-23,1,Mamy Blue,Pop Tops
1971-10-30,1,Mamy Blue,Pop Tops
1971-11-06,1,Soley Soley,Middle of the Road
1971-11-13,1,Soley Soley,Middle of the Road
1971-11-20,1,Soley Soley,Middle of the Road
1971-11-27,1,Soley Soley,Middle of the Road
1971-12-04,1,Soley Soley,Middle of the Road
1971-12-11,1,The Witch Queen of New Orleans,Redbone
1971-12-18,1,The Witch Queen of New Orleans,Redbone
1971-12-25,1,The Witch Queen of New Orleans,Redbone
1972-01-01,1,Amarillo,Tony Christie
1972-01-08,1,How Do You Do,Mouth and MacNeal
1972-01-15,1,How Do You Do,Mouth and MacNeal
1972-01-22,1,How Do You Do,Mouth and MacNeal
1972-01-29,1,How Do You Do,Mouth and MacNeal
1972-02-05,1,How Do You Do,Mouth and MacNeal
1972-02-12,1,Sacramento,Middle of the Road
1972-02-19,1,Sacramento,Middle of the Road
1972-02-26,1,Sacramento,Middle of the Road
1972-03-04,1,Sacramento,Middle of the Road
1972-03-11,1,Sacramento,Middle of the Road
1972-03-18,1,Sacramento,Middle of the Road
1972-03-25,1,Poppa Joe,The Sweet
1972-04-01,1,Poppa Joe,The Sweet
1972-04-08,1,Poppa Joe,The Sweet
1972-04-15,1,Son of My Father,Chicory Tip
1972-04-22,1,Samson and Delilah,Middle of the Road
1972-04-29,1,Samson and Delilah,Middle of the Road
1972-05-06,1,Samson and Delilah,Middle of the Road
1972-05-13,1,Après toi,Vicky Leandros
1972-05-20,1,Après toi,Vicky Leandros
1972-05-27,1,Après toi,Vicky Leandros
1972-06-03,1,Weet je nog die slow,Willy Sommers
1972-06-10,1,Weet je nog die slow,Willy Sommers
1972-06-17,1,Hello-A,Mouth and MacNeal
1972-06-24,1,Hello-A,Mouth and MacNeal
1972-07-01,1,Hello-A,Mouth and MacNeal
1972-07-08,1,Hello-A,Mouth and MacNeal
1972-07-15,1,Hello-A,Mouth and MacNeal
1972-07-22,1,Hello-A,Mouth and MacNeal
1972-07-29,1,Hello-A,Mouth and MacNeal
1972-08-05,1,Mouldy Old Dough,Lieutenant Pigeon
1972-08-12,1,Pop Corn,Anarchic System
1972-08-19,1,Pop Corn,Anarchic System
1972-08-26,1,Pop Corn,Anarchic System
1972-09-02,1,Pop Corn,Anarchic System
1972-09-09,1,Pop Corn,Anarchic System
1972-09-16,1,Pop Corn,Anarchic System
1972-09-23,1,Un canto a Galicia,Julio Iglesias
1972-09-30,1,Un canto a Galicia,Julio Iglesias
1972-10-07,1,Un canto a Galicia,Julio Iglesias
1972-10-14,1,Un canto a Galicia,Julio Iglesias
1972-10-21,1,Sugar Me,Lynsey De Paul
1972-10-28,1,Sugar Me,Lynsey De Paul
1972-11-04,1,Sugar Me,Lynsey De Paul
1972-11-11,1,Sugar Me,Lynsey De Paul
1972-11-18,1,Sugar Me,Lynsey De Paul
1972-11-25,1,Sugar Me,Lynsey De Paul
1972-12-02,1,I Think I Love You,The Partridge Family
1972-12-09,1,I Think I Love You,The Partridge Family
1972-12-16,1,Clair,Gilbert O'Sullivan
1972-12-23,1,Uberall auf der Welt,Freddy Breck
1972-12-30,1,Uberall auf der Welt,Freddy Breck
1973-01-06,1,Crazy Horses,The Osmonds
1973-01-13,1,Crazy Horses,The Osmonds
1973-01-20,1,Crazy Horses,The Osmonds
1973-01-27,1,Crazy Horses,The Osmonds
1973-02-03,1,Crazy Horses,The Osmonds
1973-02-10,1,Clap Your Hands and Stamp Your Feet,Bonnie St. Claire & Unit Gloria
1973-02-17,1,Clap Your Hands and Stamp Your Feet,Bonnie St. Claire & Unit Gloria
1973-02-24,1,Clap Your Hands and Stamp Your Feet,Bonnie St. Claire & Unit Gloria
1973-03-03,1,Bianca,Freddy Breck
1973-03-10,1,Bianca,Freddy Breck
1973-03-17,1,Bianca,Freddy Breck
1973-03-24,1,Bianca,Freddy Breck
1973-03-31,1,Bianca,Freddy Breck
1973-04-07,1,Bianca,Freddy Breck
1973-04-14,1,Forever and Ever,Demis Roussos
1973-04-21,1,Forever and Ever,Demis Roussos
1973-04-28,1,Forever and Ever,Demis Roussos
1973-05-05,1,Forever and Ever,Demis Roussos
1973-05-12,1,Forever and Ever,Demis Roussos
1973-05-19,1,Forever and Ever,Demis Roussos
1973-05-26,1,Tie a Yellow Ribbon Round the Ole Oak Tree,Tony Orlando and Dawn
1973-06-02,1,Tie a Yellow Ribbon Round the Ole Oak Tree,Tony Orlando and Dawn
1973-06-09,1,Tie a Yellow Ribbon Round the Ole Oak Tree,Tony Orlando and Dawn
1973-06-16,1,Tie a Yellow Ribbon Round the Ole Oak Tree,Tony Orlando and Dawn
1973-06-23,1,Tie a Yellow Ribbon Round the Ole Oak Tree,Tony Orlando and Dawn
1973-06-30,1,We Were All Wounded at Wounded Knee,Redbone
1973-07-07,1,We Were All Wounded at Wounded Knee,Redbone
1973-07-14,1,We Were All Wounded at Wounded Knee,Redbone
1973-07-21,1,We Were All Wounded at Wounded Knee,Redbone
1973-07-28,1,We Were All Wounded at Wounded Knee,Redbone
1973-08-04,1,Goodbye My Love Goodbye,Demis Roussos
1973-08-11,1,Goodbye My Love Goodbye,Demis Roussos
1973-08-18,1,Goodbye My Love Goodbye,Demis Roussos
1973-08-25,1,Rote Rosen,Freddy Breck
1973-09-01,1,Rote Rosen,Freddy Breck
1973-09-08,1,Rote Rosen,Freddy Breck
1973-09-15,1,Rote Rosen,Freddy Breck
1973-09-22,1,Hurt,Bobby Vinton
1973-09-29,1,Hurt,Bobby Vinton
1973-10-06,1,My Friend the Wind,Demis Roussos
1973-10-13,1,My Friend the Wind,Demis Roussos
1973-10-20,1,My Friend the Wind,Demis Roussos
1973-10-27,1,My Friend the Wind,Demis Roussos
1973-11-03,1,My Friend the Wind,Demis Roussos
1973-11-10,1,My Friend the Wind,Demis Roussos
1973-11-17,1,Angie,The Rolling Stones
1973-11-24,1,Schones Madchen aus Arcadia,Demis Roussos
1973-12-01,1,Schones Madchen aus Arcadia,Demis Roussos
1973-12-08,1,Schones Madchen aus Arcadia,Demis Roussos
1973-12-15,1,Schones Madchen aus Arcadia,Demis Roussos
1973-12-22,1,Schones Madchen aus Arcadia,Demis Roussos
1973-12-29,1,Juanita,Nick MacKenzie
1974-01-05,1,Juanita,Nick MacKenzie
1974-01-12,1,Juanita,Nick MacKenzie
1974-01-19,1,Juanita,Nick MacKenzie
1974-01-26,1,Someday Somewhere,Demis Roussos
1974-02-02,1,Someday Somewhere,Demis Roussos
1974-02-09,1,Dirty Ol' Man,The Three Degrees
1974-02-16,1,Dirty Ol' Man,The Three Degrees
1974-02-23,1,Dirty Ol' Man,The Three Degrees
1974-03-02,1,Dirty Ol' Man,The Three Degrees
1974-03-09,1,Dirty Ol' Man,The Three Degrees
1974-03-16,1,Dirty Ol' Man,The Three Degrees
1974-03-23,1,The Most Beautiful Girl,Charlie Rich
1974-03-30,1,The Most Beautiful Girl,Charlie Rich
1974-04-06,1,Tiger Feet,Mud
1974-04-13,1,Tiger Feet,Mud
1974-04-20,1,Tiger Feet,Mud
1974-04-27,1,Tiger Feet,Mud
1974-05-04,1,Waterloo,ABBA
1974-05-11,1,Waterloo,ABBA
1974-05-18,1,Waterloo,ABBA
1974-05-25,1,Waterloo,ABBA
1974-06-01,1,Waterloo,ABBA
1974-06-08,1,Waterloo,ABBA
1974-06-15,1,Be My Day,The Cats
1974-06-22,1,Be My Day,The Cats
1974-06-29,1,Sugar Baby Love,The Rubettes
1974-07-06,1,Sugar Baby Love,The Rubettes
1974-07-13,1,Sugar Baby Love,The Rubettes
1974-07-20,1,Sugar Baby Love,The Rubettes
1974-07-27,1,Sugar Baby Love,The Rubettes
1974-08-03,1,Sugar Baby Love,The Rubettes
1974-08-10,1,Sugar Baby Love,The Rubettes
1974-08-17,1,Gigi l'amoroso,Dalida
1974-08-24,1,Rock Your Baby,George McCrae
1974-08-31,1,Rock Your Baby,George McCrae
1974-09-07,1,Rock Your Baby,George McCrae
1974-09-14,1,Rock Your Baby,George McCrae
1974-09-21,1,Rock Your Baby,George McCrae
1974-09-28,1,Rock Your Baby,George McCrae
1974-10-05,1,Rock Your Baby,George McCrae
1974-10-12,1,Rock Your Baby,George McCrae
1974-10-19,1,Kung Fu Fighting,Carl Douglas
1974-10-26,1,Kung Fu Fighting,Carl Douglas
1974-11-02,1,Kung Fu Fighting,Carl Douglas
1974-11-09,1,Kung Fu Fighting,Carl Douglas
1974-11-16,1,Kung Fu Fighting,Carl Douglas
1974-11-23,1,Kung Fu Fighting,Carl Douglas
1974-11-30,1,Swinging On a Star,Spooky & Sue
1974-12-07,1,Yellow Sun of Ecuador,Classics
1974-12-14,1,Yellow Sun of Ecuador,Classics
1974-12-21,1,Sing a Song of Love,George Baker Selection
1974-12-28,1,Lonely This Christmas,Mud
1975-01-04,1,Lonely This Christmas,Mud
1975-01-11,1,Lonely This Christmas,Mud
1975-01-18,1,Lonely This Christmas,Mud
1975-01-25,1,Juke Box Jive,The Rubettes
1975-02-01,1,I Can Help,Billy Swan
1975-02-08,1,I Can Help,Billy Swan
1975-02-15,1,I Can Help,Billy Swan
1975-02-22,1,I Can Help,Billy Swan
1975-03-01,1,Sugar Candy Kisses,Mac and Katie Kissoon
1975-03-08,1,Sugar Candy Kisses,Mac and Katie Kissoon
1975-03-15,1,100 Years,Joey Dyser
1975-03-22,1,100 Years,Joey Dyser
1975-03-29,1,Down Down,Status Quo
1975-04-05,1,Shame Shame Shame,Shirley and Company
1975-04-12,1,Shame Shame Shame,Shirley and Company
1975-04-19,1,Hey mal yo,Johnny and Orquesta Rodrigues
1975-04-26,1,Hey mal yo,Johnny and Orquesta Rodrigues
1975-05-03,1,Paloma Blanca,George Baker Selection
1975-05-10,1,Paloma Blanca,George Baker Selection
1975-05-17,1,Paloma Blanca,George Baker Selection
1975-05-24,1,Love Is All,Roger Glover and guests
1975-05-31,1,Love Is All,Roger Glover and guests
1975-06-07,1,Love Is All,Roger Glover and guests
1975-06-14,1,Love Is All,Roger Glover and guests
1975-06-21,1,Swing Your Daddy,Jim Gilstrap
1975-06-28,1,Swing Your Daddy,Jim Gilstrap
1975-07-05,1,If You Go,Barry and Eileen
1975-07-12,1,If You Go,Barry and Eileen
1975-07-19,1,If You Go,Barry and Eileen
1975-07-26,1,S.O.S.,ABBA
1975-08-02,1,Stand By Your Man,Tammy Wynette
1975-08-09,1,Stand By Your Man,Tammy Wynette
1975-08-16,1,Stand By Your Man,Tammy Wynette
1975-08-23,1,The Elephant Song,Kamahl
1975-08-30,1,The Elephant Song,Kamahl
1975-09-06,1,The Elephant Song,Kamahl
1975-09-13,1,The Elephant Song,Kamahl
1975-09-20,1,The Elephant Song,Kamahl
1975-09-27,1,Kiss Me Kiss Your Baby,Brotherhood of Man
1975-10-04,1,Kiss Me Kiss Your Baby,Brotherhood of Man
1975-10-11,1,Kiss Me Kiss Your Baby,Brotherhood of Man
1975-10-18,1,Kiss Me Kiss Your Baby,Brotherhood of Man
1975-10-25,1,Kiss Me Kiss Your Baby,Brotherhood of Man
1975-11-01,1,Guus,Alexander Curly
1975-11-08,1,L'L'Lucy,Mud
1975-11-15,1,L'L'Lucy,Mud
1975-11-22,1,Morning Sky,George Baker Selection
1975-11-29,1,Morning Sky,George Baker Selection
1975-12-06,1,I'm On Fire,5000 Volts
1975-12-13,1,I'm On Fire,5000 Volts
1975-12-20,1,I'm On Fire,5000 Volts
1975-12-27,1,I'm On Fire,5000 Volts
1976-01-03,1,Mississippi,Pussycat
1976-01-10,1,Mississippi,Pussycat
1976-01-17,1,Mississippi,Pussycat
1976-01-24,1,Mississippi,Pussycat
1976-01-31,1,Bohemian Rhapsody,Queen
1976-02-07,1,Bohemian Rhapsody,Queen
1976-02-14,1,Bohemian Rhapsody,Queen
1976-02-21,1,Let's Twist Again,Chubby Checker
1976-02-28,1,Let's Twist Again,Chubby Checker
1976-03-06,1,Love Hurts,Nazareth
1976-03-13,1,Love Hurts,Nazareth
1976-03-20,1,Ich bin wie du,Marianne Rosenberg
1976-03-27,1,Ich bin wie du,Marianne Rosenberg
1976-04-03,1,Ich bin wie du,Marianne Rosenberg
1976-04-10,1,Fernando,ABBA
1976-04-17,1,Fernando,ABBA
1976-04-24,1,Save Your Kisses for Me,Brotherhood of Man
1976-05-01,1,Save Your Kisses for Me,Brotherhood of Man
1976-05-08,1,Save Your Kisses for Me,Brotherhood of Man
1976-05-15,1,Save Your Kisses for Me,Brotherhood of Man
1976-05-22,1,Save Your Kisses for Me,Brotherhood of Man
1976-05-29,1,Baretta's Theme,Sammy Davis Jr
1976-06-05,1,Music,John Miles
1976-06-12,1,Music,John Miles
1976-06-19,1,Music,John Miles
1976-06-26,1,Rocky,Don Mercedes
1976-07-03,1,Rocky,Don Mercedes
1976-07-10,1,Rocky,Don Mercedes
1976-07-17,1,Arms of Mary,Sutherland Brothers and Quiver
1976-07-24,1,Arms of Mary,Sutherland Brothers and Quiver
1976-07-31,1,Arms of Mary,Sutherland Brothers and Quiver
1976-08-07,1,Show Me the Way,Peter Frampton
1976-08-14,1,Nice and Slow,Jesse Green
1976-08-21,1,Nice and Slow,Jesse Green
1976-08-28,1,Kiss and Say Goodbye,The Manhattans
1976-09-04,1,Kiss and Say Goodbye,The Manhattans
1976-09-11,1,Dancing Queen,ABBA
1976-09-18,1,Dancing Queen,ABBA
1976-09-25,1,Dancing Queen,ABBA
1976-10-02,1,Dancing Queen,ABBA
1976-10-09,1,Dancing Queen,ABBA
1976-10-16,1,Dancing Queen,ABBA
1976-10-23,1,Dancing Queen,ABBA
1976-10-30,1,Daddy Cool,Boney M.
1976-11-06,1,Daddy Cool,Boney M.
1976-11-13,1,Daddy Cool,Boney M.
1976-11-20,1,Daddy Cool,Boney M.
1976-11-27,1,Heaven Must Be Missing an Angel,Tavares
1976-12-04,1,Heaven Must Be Missing an Angel,Tavares
1976-12-11,1,Money Money Money,ABBA
1976-12-18,1,Money Money Money,ABBA
1976-12-25,1,Money Money Money,ABBA
1977-01-01,1,Money Money Money,ABBA
1977-01-08,1,Upside Down,Teach-In
1977-01-15,1,Rock and Roll Star,Champagne
1977-01-22,1,Under the Moon of Love,Showaddywaddy
1977-01-29,1,Under the Moon of Love,Showaddywaddy
1977-02-05,1,Sunny,Boney M.
1977-02-12,1,Sunny,Boney M.
1977-02-19,1,Living Next Door to Alice,Smokie
1977-02-26,1,Living Next Door to Alice,Smokie
1977-03-05,1,Living Next Door to Alice,Smokie
1977-03-12,1,Living Next Door to Alice,Smokie
1977-03-19,1,Don't Cry for Me Argentina,Julie Covington
1977-03-26,1,Don't Cry for Me Argentina,Julie Covington
1977-04-02,1,Don't Cry for Me Argentina,Julie Covington
1977-04-09,1,Don't Cry for Me Argentina,Julie Covington
1977-04-16,1,Don't Cry for Me Argentina,Julie Covington
1977-04-23,1,Go Your Own Way,Fleetwood Mac
1977-04-30,1,Go Your Own Way,Fleetwood Mac
1977-05-07,1,Lay Back in the Arms of Someone,Smokie
1977-05-14,1,Non-Stop Dance,The Gibson Brothers
1977-05-21,1,Non-Stop Dance,The Gibson Brothers
1977-05-28,1,Non-Stop Dance,The Gibson Brothers
1977-06-04,1,You're My World,Guys 'n' Dolls
1977-06-11,1,You're My World,Guys 'n' Dolls
1977-06-18,1,Ma Baker,Boney M.
1977-06-25,1,Ma Baker,Boney M.
1977-07-02,1,Ma Baker,Boney M.
1977-07-09,1,Ma Baker,Boney M.
1977-07-16,1,Ma Baker,Boney M.
1977-07-23,1,Ma Baker,Boney M.
1977-07-30,1,Yes Sir I Can Boogie,Baccara
1977-08-06,1,Yes Sir I Can Boogie,Baccara
1977-08-13,1,Yes Sir I Can Boogie,Baccara
1977-08-20,1,Yes Sir I Can Boogie,Baccara
1977-08-27,1,Yes Sir I Can Boogie,Baccara
1977-09-03,1,I Feel Love,Donna Summer
1977-09-10,1,I Feel Love,Donna Summer
1977-09-17,1,"Sorry, I'm a Lady",Baccara
1977-09-24,1,I Remember Elvis Presley,Danny Mirror
1977-10-01,1,I Remember Elvis Presley,Danny Mirror
1977-10-08,1,I Remember Elvis Presley,Danny Mirror
1977-10-15,1,I Remember Elvis Presley,Danny Mirror
1977-10-22,1,Do You Remember,Long Tall Ernie and the Shakers
1977-10-29,1,Do You Remember,Long Tall Ernie and the Shakers
1977-11-05,1,Do You Remember,Long Tall Ernie and the Shakers
1977-11-12,1,Do You Remember,Long Tall Ernie and the Shakers
1977-11-19,1,Belfast,Boney M.
1977-11-26,1,'t Smurfenlied,Father Abraham
1977-12-03,1,'t Smurfenlied,Father Abraham
1977-12-10,1,'t Smurfenlied,Father Abraham
1977-12-17,1,'t Smurfenlied,Father Abraham
1977-12-24,1,'t Smurfenlied,Father Abraham
1977-12-31,1,A far l'amore comincia tu,Raffaella Carra
1978-01-07,1,Mull of Kintyre,Wings
1978-01-14,1,Mull of Kintyre,Wings
1978-01-21,1,Mull of Kintyre,Wings
1978-01-28,1,Mull of Kintyre,Wings
1978-02-04,1,Mull of Kintyre,Wings
1978-02-11,1,Mull of Kintyre,Wings
1978-02-18,1,If I Had Words,Scott Fitzgerald & Yvonne Keeley
1978-02-25,1,If I Had Words,Scott Fitzgerald & Yvonne Keeley
1978-03-04,1,If I Had Words,Scott Fitzgerald & Yvonne Keeley
1978-03-11,1,Take a Chance On Me,ABBA
1978-03-18,1,I Can't Stand the Rain,Eruption
1978-03-25,1,I Can't Stand the Rain,Eruption
1978-04-01,1,Denis,Blondie
1978-04-08,1,Denis,Blondie
1978-04-15,1,Denis,Blondie
1978-04-22,1,Denis,Blondie
1978-04-29,1,Rivers of Babylon,Boney M.
1978-05-06,1,Rivers of Babylon,Boney M.
1978-05-13,1,Rivers of Babylon,Boney M.
1978-05-20,1,Rivers of Babylon,Boney M.
1978-05-27,1,Rivers of Babylon,Boney M.
1978-06-03,1,Rivers of Babylon,Boney M.
1978-06-10,1,Rivers of Babylon,Boney M.
1978-06-17,1,Rivers of Babylon,Boney M.
1978-06-25,1,Rivers of Babylon,Boney M.
1978-07-01,1,Rivers of Babylon,Boney M.
1978-07-08,1,Rivers of Babylon,Boney M.
1978-07-15,1,You're the One That I Want,John Travolta & Olivia Newton-John
1978-07-22,1,You're the One That I Want,John Travolta & Olivia Newton-John
1978-07-29,1,You're the One That I Want,John Travolta & Olivia Newton-John
1978-08-05,1,You're the One That I Want,John Travolta & Olivia Newton-John
1978-08-12,1,You're the One That I Want,John Travolta & Olivia Newton-John
1978-08-19,1,You're the One That I Want,John Travolta & Olivia Newton-John
1978-08-26,1,You're the One That I Want,John Travolta & Olivia Newton-John
1978-09-02,1,You're the One That I Want,John Travolta & Olivia Newton-John
1978-09-09,1,You're the One That I Want,John Travolta & Olivia Newton-John
1978-09-16,1,"One for You, One for Me",La Bionda
1978-09-23,1,You're the Greatest Lover,Luv'
1978-09-30,1,You're the Greatest Lover,Luv'
1978-10-07,1,You're the Greatest Lover,Luv'
1978-10-14,1,Rasputin,Boney M.
1978-10-21,1,Hopelessly Devoted to You,Olivia Newton-John
1978-10-28,1,Hopelessly Devoted to You,Olivia Newton-John
1978-11-04,1,Hopelessly Devoted to You,Olivia Newton-John
1978-11-11,1,Hopelessly Devoted to You,Olivia Newton-John
1978-11-18,1,Summer Nights,John Travolta & Olivia Newton-John
1978-11-25,1,Dreadlock Holiday,10cc
1978-12-02,1,Dreadlock Holiday,10cc
1978-12-09,1,Dreadlock Holiday,10cc
1978-12-16,1,Trojan Horse,Luv'
1978-12-23,1,Trojan Horse,Luv'
1978-12-30,1,Y.M.C.A.,Village People
1979-01-06,1,Y.M.C.A,Village People
1979-01-13,1,Y.M.C.A,Village People
1979-01-20,1,Y.M.C.A,Village People
1979-01-27,1,Y.M.C.A,Village People
1979-02-03,1,Y.M.C.A,Village People
1979-02-10,1,Y.M.C.A,Village People
1979-02-17,1,Y.M.C.A,Village People
1979-02-24,1,Chiquitita,ABBA
1979-03-03,1,Chiquitita,ABBA
1979-03-10,1,Chiquitita,ABBA
1979-03-17,1,Chiquitita,ABBA
1979-03-24,1,Chiquitita,ABBA
1979-03-31,1,Fire,The Pointer Sisters
1979-04-07,1,Fire,The Pointer Sisters
1979-04-14,1,Fire,The Pointer Sisters
1979-04-21,1,In the Navy,Village People
1979-04-28,1,In the Navy,Village People
1979-05-05,1,In the Navy,Village People
1979-05-12,1,In the Navy,Village People
1979-05-19,1,Hooray! Hooray! It's a Holi-Holiday,Boney M.
1979-05-26,1,I Want You to Want Me,Cheap Trick
1979-06-02,1,I Want You to Want Me,Cheap Trick
1979-06-09,1,Does Your Mother Know,ABBA
1979-06-16,1,Bright Eyes,Art Garfunkel
1979-06-23,1,Bright Eyes,Art Garfunkel
1979-06-30,1,Bright Eyes,Art Garfunkel
1979-07-07,1,Bright Eyes,Art Garfunkel
1979-07-14,1,Bright Eyes,Art Garfunkel
1979-07-21,1,Reunited,Peaches and Herb
1979-07-28,1,Theme from the Deer Hunter,The Shadows
1979-08-04,1,Theme from the Deer Hunter,The Shadows
1979-08-11,1,I Was Made for Lovin' You,Kiss
1979-08-18,1,I Was Made for Lovin' You,Kiss
1979-08-25,1,Voulez-Vous,ABBA
1979-09-01,1,Quiéreme Mucho,Julio Iglesias
1979-09-08,1,Quiéreme Mucho,Julio Iglesias
1979-09-15,1,Quiéreme Mucho,Julio Iglesias
1979-09-22,1,Quiéreme Mucho,Julio Iglesias
1979-09-29,1,Quiéreme Mucho,Julio Iglesias
1979-10-06,1,We Don't Talk Anymore,Cliff Richard
1979-10-13,1,We Don't Talk Anymore,Cliff Richard
1979-10-20,1,A Brand New Day,The Wiz Stars
1979-10-27,1,A Brand New Day,The Wiz Stars
1979-11-03,1,A Brand New Day,The Wiz Stars
1979-11-10,1,A Brand New Day,The Wiz Stars
1979-11-17,1,We Belong to the Night,Ellen Foley
1979-11-24,1,We Belong to the Night,Ellen Foley
1979-12-01,1,Gimme! Gimme! Gimme!,ABBA
1979-12-08,1,Get Up and Boogie,Freddie James
1979-12-15,1,Weekend,Earth and Fire
1979-12-22,1,Weekend,Earth and Fire
1979-12-29,1,Weekend,Earth and Fire
1980-01-05,1,Een Bakske Vol Met Stro,Urbanus
1980-01-12,1,Een Bakske Vol Met Stro,Urbanus
1980-01-19,1,I Have a Dream,ABBA
1980-01-26,1,I Have a Dream,ABBA
1980-02-02,1,I Have a Dream,ABBA
1980-02-09,1,I Have a Dream,ABBA
1980-02-16,1,Rap-O Clap-O,Joe Bataan
1980-02-23,1,Rap-O Clap-O,Joe Bataan
1980-03-01,1,Que Sera Mi Vida,Gibson Brothers
1980-03-08,1,Que Sera Mi Vida,Gibson Brothers
1980-03-15,1,Do That to Me One More Time,Captain & Tennille
1980-03-22,1,Do That to Me One More Time,Captain & Tennille
1980-03-29,1,Crying,Don Mclean
1980-04-06,1,Crying,Don Mclean
1980-04-13,1,Matador,Garland Jeffreys
1980-04-20,1,Matador,Garland Jeffreys
1980-04-27,1,You and Me,Spargo
1980-05-03,1,You and Me,Spargo
1980-05-10,1,Sun of Jamaica,Goombay Dance Band
1980-05-17,1,Sun of Jamaica,Goombay Dance Band
1980-05-24,1,Sun of Jamaica,Goombay Dance Band
1980-05-31,1,What's Another Year,Johnny Logan
1980-06-07,1,What's Another Year,Johnny Logan
1980-06-14,1,Funkytown,Lipps Inc
1980-06-21,1,Funkytown,Lipps Inc
1980-06-28,1,Cara Mia,Jay and the Americans
1980-07-05,1,Cara Mia,Jay and the Americans
1980-07-12,1,Cara Mia,Jay and the Americans
1980-07-19,1,Cara Mia,Jay and the Americans
1980-07-26,1,Xanadu,Olivia Newton-John & Electric Light Orchestra
1980-08-02,1,Xanadu,Olivia Newton-John & Electric Light Orchestra
1980-08-09,1,Xanadu,Olivia Newton-John & Electric Light Orchestra
1980-08-16,1,Xanadu,Olivia Newton-John & Electric Light Orchestra
1980-08-23,1,Xanadu,Olivia Newton-John & Electric Light Orchestra
1980-08-30,1,The Winner Takes It All,ABBA
1980-09-06,1,The Winner Takes It All,ABBA
1980-09-13,1,The Winner Takes It All,ABBA
1980-09-20,1,The Winner Takes It All,ABBA
1980-09-27,1,The Winner Takes It All,ABBA
1980-10-04,1,The Winner Takes It All,ABBA
1980-10-11,1,The Winner Takes It All,ABBA
1980-10-18,1,One Day I'll Fly Away,Randy Crawford
1980-10-25,1,One Day I'll Fly Away,Randy Crawford
1980-11-01,1,Woman in Love,Barbra Streisand
1980-11-08,1,Woman in Love,Barbra Streisand
1980-11-15,1,Woman in Love,Barbra Streisand
1980-11-22,1,Woman in Love,Barbra Streisand
1980-11-29,1,Woman in Love,Barbra Streisand
1980-12-06,1,Woman in Love,Barbra Streisand
1980-12-13,1,Super Trouper,ABBA
1980-12-20,1,Super Trouper,ABBA
1980-12-27,1,Super Trouper,ABBA
1981-01-03,1,Santa Maria,Roland Kaiser
1981-01-10,1,Santa Maria,Roland Kaiser
1981-01-17,1,Santa Maria,Roland Kaiser
1981-01-24,1,Santa Maria,Roland Kaiser
1981-01-31,1,Santa Maria,Roland Kaiser
1981-02-07,1,Lola,The Kinks
1981-02-14,1,Stars on 45,Stars on 45
1981-02-21,1,Stars on 45,Stars on 45
1981-02-28,1,Shine Up,Doris D and the Pins
1981-03-07,1,Stars on 45,Stars on 45
1981-03-14,1,Stars on 45,Stars on 45
1981-03-21,1,Stars on 45,Stars on 45
1981-03-28,1,Stars on 45,Stars on 45
1981-04-04,1,Shaddap You Face,Joe Dolce Musical Theatre
1981-04-11,1,Shaddap You Face,Joe Dolce Musical Theatre
1981-04-18,1,Shaddap You Face,Joe Dolce Musical Theatre
1981-04-25,1,Vienna,Ultravox
1981-05-02,1,Vienna,Ultravox
1981-05-09,1,Vienna,Ultravox
1981-05-16,1,Making Your Mind Up,Bucks Fizz
1981-05-23,1,Making Your Mind Up,Bucks Fizz
1981-05-30,1,Making Your Mind Up,Bucks Fizz
1981-06-06,1,Can You Feel It,The Jacksons
1981-06-13,1,How 'Bout Us,Champaign
1981-06-20,1,How 'Bout Us,Champaign
1981-06-27,1,I've Seen That Face Before,Grace Jones
1981-07-04,1,I've Seen That Face Before,Grace Jones
1981-07-11,1,I've Seen That Face Before,Grace Jones
1981-07-18,1,Only Crying,Keith Marshall
1981-07-25,1,Only Crying,Keith Marshall
1981-08-01,1,Only Crying,Keith Marshall
1981-08-08,1,Only Crying,Keith Marshall
1981-08-15,1,Caribbean Disco Club,Lobo
1981-08-22,1,Caribbean Disco Club,Lobo
1981-08-29,1,One Day in Your Life,Michael Jackson
1981-09-05,1,One Day in Your Life,Michael Jackson
1981-09-12,1,Wordy Rappinghood,Tom Tom Club
1981-09-19,1,One Day in Your Life,Michael Jackson
1981-09-26,1,One Day in Your Life,Michael Jackson
1981-10-03,1,Japanese Boy,Aneka
1981-10-10,1,Japanese Boy,Aneka
1981-10-17,1,Why Tell Me Why,Anita Meyer
1981-10-24,1,Why Tell Me Why,Anita Meyer
1981-10-31,1,Why Tell Me Why,Anita Meyer
1981-11-07,1,Why Tell Me Why,Anita Meyer
1981-11-14,1,Tainted Love,Soft Cell
1981-11-21,1,Tainted Love,Soft Cell
1981-11-28,1,Tainted Love,Soft Cell
1981-12-05,1,Physical,Olivia Newton-John
1981-12-12,1,Pretend,Alvin Stardust
1981-12-19,1,Pretend,Alvin Stardust
1981-12-26,1,Why Do Fools Fall in Love,Diana Ross
1982-01-02,1,One of Us,ABBA
1982-01-09,1,One of Us,ABBA
1982-01-16,1,One of Us,ABBA
1982-01-23,1,One of Us,ABBA
1982-01-30,1,One of Us,ABBA
1982-02-06,1,I Won't Let You Down,Ph.D.
1982-02-13,1,I Won't Let You Down,Ph.D.
1982-02-20,1,I Won't Let You Down,Ph.D.
1982-02-27,1,Don't You Want Me,The Human League
1982-03-06,1,I Won't Let You Down,Ph.D.
1982-03-13,1,The Land of Make Believe,Bucks Fizz
1982-03-20,1,Maid of Orleans,Orchestral Manoeuvres in the Dark
1982-03-27,1,Maid of Orleans,Orchestral Manoeuvres in the Dark
1982-04-03,1,Maid of Orleans,Orchestral Manoeuvres in the Dark
1982-04-10,1,Maid of Orleans,Orchestral Manoeuvres in the Dark
1982-04-17,1,Maid of Orleans,Orchestral Manoeuvres in the Dark
1982-04-24,1,The Lion Sleeps Tonight,Tight Fit
1982-05-01,1,The Lion Sleeps Tonight,Tight Fit
1982-05-08,1,Aurora,Nova
1982-05-15,1,Ein bißchen Frieden,Nicole
1982-05-22,1,Ein bißchen Frieden,Nicole
1982-05-29,1,Ein bißchen Frieden,Nicole
1982-06-05,1,Ein bißchen Frieden,Nicole
1982-06-12,1,Ein bißchen Frieden,Nicole
1982-06-19,1,Can't Take My Eyes Off You,Boys Town Gang
1982-06-26,1,Can't Take My Eyes Off You,Boys Town Gang
1982-07-03,1,Can't Take My Eyes Off You,Boys Town Gang
1982-07-10,1,Can't Take My Eyes Off You,Boys Town Gang
1982-07-17,1,I Will Follow Him,José
1982-07-24,1,I Will Follow Him,José
1982-07-31,1,I Will Follow Him,José
1982-08-07,1,Someone Loves You Honey,June Lodge & Prince Mohamed
1982-08-14,1,Someone Loves You Honey,June Lodge & Prince Mohamed
1982-08-21,1,Words,F. R. David
1982-08-28,1,Words,F. R. David
1982-09-04,1,Words,F. R. David
1982-09-11,1,It Started with a Kiss,Hot Chocolate
1982-09-18,1,I Know There's Something Going On,Frida
1982-09-25,1,I Know There's Something Going On,Frida
1982-10-02,1,I Know There's Something Going On,Frida
1982-10-09,1,Don't Go,Yazoo
1982-10-16,1,Don't Go,Yazoo
1982-10-23,1,Private Investigations,Dire Straits
1982-10-30,1,Come On Eileen,Dexys Midnight Runners
1982-11-06,1,Come On Eileen,Dexys Midnight Runners
1982-11-13,1,Pass the Dutchie,Musical Youth
1982-11-20,1,Pass the Dutchie,Musical Youth
1982-11-27,1,Pass the Dutchie,Musical Youth
1982-12-04,1,Do You Really Want to Hurt Me,Culture Club
1982-12-11,1,Do You Really Want to Hurt Me,Culture Club
1982-12-18,1,Do You Really Want to Hurt Me,Culture Club
1982-12-25,1,I Don't Wanna Dance,Eddy Grant
1983-01-01,1,I Don't Wanna Dance,Eddy Grant
1983-01-08,1,You Can't Hurry Love,Phil Collins
1983-01-15,1,You Can't Hurry Love,Phil Collins
1983-01-22,1,You Can't Hurry Love,Phil Collins
1983-01-29,1,Save Your Love,Renée and Renato
1983-02-05,1,Save Your Love,Renée and Renato
1983-02-12,1,Save Your Love,Renée and Renato
1983-02-19,1,Save Your Love,Renée and Renato
1983-02-26,1,Goodnight Saigon,Billy Joel
1983-03-05,1,Goodnight Saigon,Billy Joel
1983-03-12,1,Billie Jean,Michael Jackson
1983-03-19,1,Billie Jean,Michael Jackson
1983-03-26,1,Billie Jean,Michael Jackson
1983-04-02,1,Fame,Irene Cara
1983-04-09,1,Too Shy,Kajagoogoo
1983-04-16,1,99 Luftballons,Nena
1983-04-23,1,99 Luftballons,Nena
1983-04-30,1,99 Luftballons,Nena
1983-05-07,1,Let's Dance,David Bowie
1983-05-14,1,Let's Dance,David Bowie
1983-05-21,1,Beat It,Michael Jackson
1983-05-28,1,Beat It,Michael Jackson
1983-06-04,1,Beat It,Michael Jackson
1983-06-11,1,Beat It,Michael Jackson
1983-06-18,1,Comment ça va,The Shorts
1983-06-25,1,Comment ça va,The Shorts
1983-07-02,1,Comment ça va,The Shorts
1983-07-09,1,Comment ça va,The Shorts
1983-07-16,1,Baby Jane,Rod Stewart
1983-07-23,1,Manuel Goodbye,Audrey Landers
1983-07-30,1,The Star Sisters,Stars on 45 Proudly Presents The Star Sisters
1983-08-06,1,Moonlight Shadow,Mike Oldfield
1983-08-13,1,Moonlight Shadow,Mike Oldfield
1983-08-20,1,Moonlight Shadow,Mike Oldfield
1983-08-27,1,Moonlight Shadow,Mike Oldfield
1983-09-03,1,Wrap Your Arms Around Me,Agnetha Fältskog
1983-09-10,1,Wrap Your Arms Around Me,Agnetha Fältskog
1983-09-17,1,Dolce Vita,Ryan Paris
1983-09-24,1,Dolce Vita,Ryan Paris
1983-10-01,1,Dolce Vita,Ryan Paris
1983-10-08,1,Codo,Tauchen Prokopetz
1983-10-15,1,Codo,Tauchen Prokopetz
1983-10-22,1,Red Red Wine,UB40
1983-10-29,1,Karma Chameleon,Culture Club
1983-11-05,1,Karma Chameleon,Culture Club
1983-11-12,1,Karma Chameleon,Culture Club
1983-11-19,1,Karma Chameleon,Culture Club
1983-11-26,1,All Night Long,Lionel Richie
1983-12-03,1,All Night Long,Lionel Richie
1983-12-10,1,The Rock Steady Crew,Rock Steady Crew
1983-12-17,1,The Rock Steady Crew,Rock Steady Crew
1983-12-24,1,Come Back and Stay,Paul Young
1983-12-31,1,Happy Station,Fun Fun
1984-01-07,1,Happy Station,Fun Fun
1984-01-14,1,You Are,Dolly Parton
1984-01-21,1,Thriller,Michael Jackson
1984-01-28,1,Thriller,Michael Jackson
1984-02-04,1,Love of the Common People,Paul Young
1984-02-11,1,Love of the Common People,Paul Young
1984-02-18,1,Love of the Common People,Paul Young
1984-02-25,1,Love of the Common People,Paul Young
1984-03-03,1,Love of the Common People,Paul Young
1984-03-10,1,Radio Ga Ga,Queen
1984-03-17,1,Radio Ga Ga,Queen
1984-03-24,1,When the Lady Smiles,Golden Earring
1984-03-31,1,Somebody's Watching Me,Rockwell
1984-04-07,1,Love Is a Battlefield,Pat Benatar
1984-04-14,1,Love Is a Battlefield,Pat Benatar
1984-04-21,1,Hello,Lionel Richie
1984-04-28,1,Hello,Lionel Richie
1984-05-05,1,Hello,Lionel Richie
1984-05-12,1,Hello,Lionel Richie
1984-05-19,1,Hello,Lionel Richie
1984-05-26,1,To All the Girls I've Loved Before,Willie Nelson & Julio Iglesias
1984-06-02,1,I Want to Break Free,Queen
1984-06-09,1,I Want to Break Free,Queen
1984-06-16,1,I Want to Break Free,Queen
1984-06-23,1,The Reflex,Duran Duran
1984-06-30,1,The Reflex,Duran Duran
1984-07-07,1,The Reflex,Duran Duran
1984-07-14,1,The Reflex,Duran Duran
1984-07-21,1,Wake Me Up Before You Go-Go,Wham!
1984-07-28,1,Wake Me Up Before You Go-Go,Wham!
1984-08-04,1,Dancing with Tears in My Eyes,Ultravox
1984-08-11,1,Wake Me Up Before You Go-Go,Wham!
1984-08-18,1,Two Tribes,Frankie Goes To Hollywood
1984-08-25,1,Two Tribes,Frankie Goes To Hollywood
1984-09-01,1,Two Tribes,Frankie Goes To Hollywood
1984-09-08,1,Smalltown Boy,Bronski Beat
1984-09-15,1,Ghostbusters,Ray Parker Jr.
1984-09-22,1,I Just Called To Say I Love You,Stevie Wonder
1984-09-29,1,I Just Called To Say I Love You,Stevie Wonder
1984-10-06,1,I Just Called To Say I Love You,Stevie Wonder
1984-10-13,1,I Just Called To Say I Love You,Stevie Wonder
1984-10-20,1,I Just Called To Say I Love You,Stevie Wonder
1984-10-27,1,I Just Called To Say I Love You,Stevie Wonder
1984-11-03,1,I Just Called To Say I Love You,Stevie Wonder
1984-11-10,1,I Just Called To Say I Love You,Stevie Wonder
1984-11-17,1,Purple Rain,Prince
1984-11-24,1,Purple Rain,Prince
1984-12-01,1,When the Rain Begins to Fall,Jermaine Jackson & Pia Zadora
1984-12-08,1,When the Rain Begins to Fall,Jermaine Jackson & Pia Zadora
1984-12-15,1,When the Rain Begins to Fall,Jermaine Jackson & Pia Zadora
1984-12-22,1,When the Rain Begins to Fall,Jermaine Jackson & Pia Zadora
1984-12-29,1,Do They Know It's Christmas?,Band Aid
2009-01-03,1,Home,Tom Helsen & Geike Arnaert
2009-01-10,1,Home,Tom Helsen & Geike Arnaert
2009-01-17,1,Home,Tom Helsen & Geike Arnaert
2009-01-24,1,Home,Tom Helsen & Geike Arnaert
2009-01-31,1,Use Somebody,Kings of Leon
2009-02-07,1,Use Somebody,Kings of Leon
2009-02-14,1,Mijn leven,Andy Sierens A.K.A. Vijvenveertig featuring Hooverphonic
2009-02-21,1,Poker Face,Lady Gaga
2009-02-28,1,Mijn leven,Andy Sierens A.K.A. Vijvenveertig featuring Hooverphonic
2009-03-07,1,Poker Face,Lady Gaga
2009-03-14,1,Poker Face,Lady Gaga
2009-03-21,1,Poker Face,Lady Gaga
2009-03-28,1,Poker Face,Lady Gaga
2009-04-04,1,Poker Face,Lady Gaga
2009-04-11,1,Poker Face,Lady Gaga
2009-04-18,1,Poker Face,Lady Gaga
2009-04-25,1,Poker Face,Lady Gaga
2009-05-02,1,Düm Tek Tek,Hadise
2009-05-09,1,Düm Tek Tek,Hadise
2009-05-16,1,Jungle Drum,Emiliana Torrini
2009-05-23,1,Düm Tek Tek,Hadise
2009-05-30,1,Fairytale,Alexander Rybak
2009-06-06,1,Fuck You,Lily Allen
2009-06-13,1,Fuck You,Lily Allen
2009-06-20,1,Fuck You,Lily Allen
2009-06-27,1,Boom Boom Pow,The Black Eyed Peas
2009-07-04,1,I Know You Want Me,Pitbull
2009-07-11,1,I Know You Want Me,Pitbull
2009-07-18,1,Blackout,Milk Inc.
2009-07-25,1,Blackout,Milk Inc.
2009-08-01,1,I Know You Want Me,Pitbull
2009-08-08,1,I Gotta Feeling,Black Eyed Peas
2009-08-15,1,I Gotta Feeling,Black Eyed Peas
2009-08-22,1,I Gotta Feeling,Black Eyed Peas
2009-08-29,1,I Gotta Feeling,Black Eyed Peas
2009-09-05,1,I Gotta Feeling,Black Eyed Peas
2009-09-12,1,I Gotta Feeling,Black Eyed Peas
2009-09-19,1,I Gotta Feeling,Black Eyed Peas
2009-09-26,1,I Gotta Feeling,Black Eyed Peas
2009-10-03,1,Sexy Bitch,David Guetta featuring Akon
2009-10-10,1,Papillon,Editors
2009-10-17,1,MaMaSé!,K3
2009-10-24,1,MaMaSé!,K3
2009-10-31,1,MaMaSé!,K3
2009-11-07,1,MaMaSé!,K3
2009-11-14,1,MaMaSé!,K3
2009-11-21,1,MaMaSé!,K3
2009-11-28,1,MaMaSé!,K3
2009-12-05,1,Meet Me Halfway,Black Eyed Peas
2009-12-12,1,Meet Me Halfway,Black Eyed Peas
2009-12-19,1,Meet Me Halfway,Black Eyed Peas
2009-12-26,1,Meet Me Halfway,Black Eyed Peas
2010-01-02,1,Meet Me Halfway,The Black Eyed Peas
2010-01-09,1,Meet Me Halfway,The Black Eyed Peas
2010-01-16,1,Tik Tok,Kesha
2010-01-16,1,Envoi,Absynthe Minded
2010-01-23,1,Tik Tok,Kesha
2010-01-23,1,Envoi,Absynthe Minded
2010-01-30,1,Heads Will Roll,Yeah Yeah Yeahs
2010-01-30,1,Tik Tok,Kesha
2010-02-06,1,Hallelujah,Natalia and Gabriel Ríos
2010-02-06,1,Tik Tok,Kesha
2010-02-13,1,Hallelujah,Natalia and Gabriel Ríos
2010-02-13,1,Tik Tok,Kesha
2010-02-20,1,Hallelujah,Natalia and Gabriel Ríos
2010-02-20,1,Tik Tok,Kesha
2010-02-27,1,We Are the World 25 for Haiti,Artists for Haiti
2010-03-06,1,Memories,David Guetta featuring Kid Cudi
2010-03-06,1,Storm,Milk Inc.
2010-03-13,1,Hallelujah,Natalia and Gabriel Ríos
2010-03-13,1,Memories,David Guetta featuring Kid Cudi
2010-03-20,1,Hallelujah,Natalia and Gabriel Ríos
2010-03-20,1,Memories,David Guetta featuring Kid Cudi
2010-03-27,1,Memories,David Guetta featuring Kid Cudi
2010-03-27,1,Me and My Guitar,Tom Dice
2010-04-03,1,Telephone,Lady Gaga featuring Beyoncé
2010-04-10,1,Telephone,Lady Gaga featuring Beyoncé
2010-04-17,1,Telephone,Lady Gaga featuring Beyoncé
2010-04-24,1,Telephone,Lady Gaga featuring Beyoncé
2010-05-01,1,Telephone,Lady Gaga featuring Beyoncé
2010-05-08,1,Alors on danse,Stromae
2010-05-15,1,Alors on danse,Stromae
2010-05-15,1,Telephone,Lady Gaga featuring Beyoncé
2010-05-22,1,Alors on danse,Stromae
2010-05-29,1,Alors on danse,Stromae
2010-05-29,1,Dos cervezas,Tom Waes
2010-06-05,1,Me and My Guitar,Tom Dice
2010-06-12,1,Me and My Guitar,Tom Dice
2010-06-19,1,Alors on danse,Stromae
2010-06-19,1,Waka Waka,Shakira featuring Freshlyground
2010-06-26,1,Waka Waka,Shakira featuring Freshlyground
2010-07-03,1,Waka Waka,Shakira featuring Freshlyground
2010-07-10,1,Waka Waka,Shakira featuring Freshlyground
2010-07-17,1,Waka Waka,Shakira featuring Freshlyground
2010-07-17,1,We No Speak Americano,Yolanda Be Cool vs. DCUP
2010-07-24,1,Waka Waka,Shakira featuring Freshlyground
2010-07-31,1,Waka Waka,Shakira featuring Freshlyground
2010-07-31,1,We No Speak Americano,Yolanda Be Cool vs. DCUP
2010-08-07,1,We No Speak Americano,Yolanda Be Cool vs. DCUP
2010-08-14,1,We No Speak Americano,Yolanda Be Cool vs. DCUP
2010-08-21,1,We No Speak Americano,Yolanda Be Cool vs. DCUP
2010-08-28,1,Waka Waka,Shakira featuring Freshlyground
2010-09-04,1,No Sound But the Wind,Editors
2010-09-04,1,We No Speak Americano,Yolanda Be Cool & DCUP
2010-09-11,1,No Sound But the Wind,Editors
2010-09-11,1,Love the Way You Lie,Eminem featuring Rihanna
2010-09-18,1,Love the Way You Lie,Eminem featuring Rihanna
2010-09-18,1,Bromance,Tim Berg
2010-09-25,1,Love the Way You Lie,Eminem featuring Rihanna
2010-10-02,1,Dynamite,Taio Cruz
2010-10-02,1,I Need a Dollar,Aloe Blacc
2010-10-09,1,I Need a Dollar,Aloe Blacc
2010-10-09,1,Only Girl,Rihanna
2010-10-16,1,Barbra Streisand,Duck Sauce
2010-10-16,1,Only Girl,Rihanna
2010-10-23,1,Barbra Streisand,Duck Sauce
2010-10-30,1,Only Girl,Rihanna
2010-10-30,1,Barbra Streisand,Duck Sauce
2010-11-06,1,Barbra Streisand,Duck Sauce
2010-11-06,1,Loca,Shakira featuring Dizzee Rascal
2010-11-13,1,Barbra Streisand,Duck Sauce
2010-11-13,1,Loca,Shakira featuring Dizzee Rascal
2010-11-20,1,Barbra Streisand,Duck Sauce
2010-11-27,1,The Time,The Black Eyed Peas
2010-12-04,1,The Time,The Black Eyed Peas
2010-12-11,1,The Time,The Black Eyed Peas
2010-12-18,1,The Time,The Black Eyed Peas
2010-12-25,1,The Time,The Black Eyed Peas
2011-01-01,1,Hello,Martin Solveig & Dragonette
2011-01-01,1,The Time,The Black Eyed Peas
2011-01-08,1,The Time,The Black Eyed Peas
2011-01-08,1,Hello,Martin Solveig & Dragonette
2011-01-15,1,Who's That Chick?,David Guetta featuring Rihanna
2011-01-15,1,Hello,Martin Solveig & Dragonette
2011-01-22,1,Discotex!,DJ F.R.A.N.K.
2011-01-22,1,Hold It Against Me,Britney Spears
2011-01-29,1,Rolling in the Deep,Adele
2011-02-05,1,Rolling in the Deep,Adele
2011-02-05,1,Over the Rainbow,Israel Kamakawiwo'ole
2011-02-12,1,Rolling in the Deep,Adele
2011-02-12,1,Over the Rainbow,Israel Kamakawiwo'ole
2011-02-19,1,Rolling in the Deep,Adele
2011-02-19,1,Over the Rainbow,Israel Kamakawiwo'ole
2011-02-26,1,Born This Way,Lady Gaga
2011-02-26,1,Over the Rainbow,Israel Kamakawiwo'ole
2011-03-05,1,On the Floor,Jennifer Lopez featuring Pitbull
2011-03-05,1,Over the Rainbow,Israel Kamakawiwo'ole
2011-03-12,1,On the Floor,Jennifer Lopez featuring Pitbull
2011-03-19,1,On the Floor,Jennifer Lopez featuring Pitbull
2011-03-26,1,On the Floor,Jennifer Lopez featuring Pitbull
2011-04-02,1,More to Me,Idool 2011 Finalisten
2011-04-02,1,Sweat,Snoop Dogg vs. David Guetta
2011-04-09,1,More to Me,Idool 2011 Finalisten
2011-04-09,1,On the Floor,Jennifer Lopez featuring Pitbull
2011-04-16,1,More to Me,Idool 2011 Finalisten
2011-04-16,1,Sweat,Snoop Dogg vs. David Guetta
2011-04-23,1,More to Me,Idool 2011 Finalisten
2011-04-23,1,Sweat,Snoop Dogg vs. David Guetta
2011-04-30,1,Sweat,Snoop Dogg vs. David Guetta
2011-04-30,1,More to Me,Idool 2011 Finalisten
2011-05-07,1,Price Tag,Jessie J featuring B.o.B
2011-05-14,1,Party Rock Anthem,LMFAO featuring Lauren Bennett & GoonRock
2011-05-14,1,Price Tag,Jessie J featuring B.o.B
2011-05-21,1,Set Fire to the Rain,Adele
2011-05-21,1,Price Tag,Jessie J featuring B.o.B
2011-05-28,1,Set Fire to the Rain,Adele
2011-05-28,1,Sweat,Snoop Dogg vs. David Guetta
2011-06-04,1,L'horloge tourne,Mickaël Miro
2011-06-04,1,She's Got Moves,Kevin
2011-06-11,1,L'horloge tourne,Mickaël Miro
2011-06-11,1,She's Got Moves,Kevin
2011-06-18,1,Give Me Everything,"Pitbull featuring Ne-Yo, Afrojack & Nayer"
2011-06-25,1,Give Me Everything,"Pitbull featuring Ne-Yo, Afrojack & Nayer"
2011-07-02,1,L'horloge tourne,Mickaël Miro
2011-07-02,1,Give Me Everything,"Pitbull featuring Ne-Yo, Afrojack & Nayer"
2011-07-09,1,Give Me Everything,"Pitbull featuring Ne-Yo, Afrojack & Nayer"
2011-07-16,1,Give Me Everything,"Pitbull featuring Ne-Yo, Afrojack & Nayer"
2011-07-23,1,Give Me Everything,"Pitbull featuring Ne-Yo, Afrojack & Nayer"
2011-07-23,1,Loca People,Sak Noel
2011-07-30,1,Set Fire to the Rain,Adele
2011-07-30,1,Loca People,Sak Noel
2011-08-06,1,Loca People,Sak Noel
2011-08-06,1,Set Fire to the Rain,Adele
2011-08-13,1,Loca People,Sak Noel
2011-08-13,1,Set Fire to the Rain,Adele
2011-08-20,1,Il nous faut,Elisa Tovati & Tom Dice
2011-08-27,1,Somebody That I Used to Know,Gotye featuring Kimbra
2011-08-27,1,Il nous faut,Elisa Tovati & Tom Dice
2011-09-03,1,Somebody That I Used to Know,Gotye featuring Kimbra
2011-09-03,1,Elle me dit,Mika
2011-09-10,1,Elle me dit,Mika
2011-09-10,1,Somebody That I Used to Know,Gotye featuring Kimbra
2011-09-17,1,Somebody That I Used to Know,Gotye featuring Kimbra
2011-09-17,1,Elle me dit,Mika
2011-09-24,1,Elle me dit,Mika
2011-09-24,1,Somebody That I Used to Know,Gotye featuring Kimbra
2011-10-01,1,Elle me dit,Mika
2011-10-01,1,Somebody That I Used to Know,Gotye featuring Kimbra
2011-10-08,1,Elle me dit,Mika
2011-10-08,1,Somebody That I Used to Know,Gotye featuring Kimbra
2011-10-15,1,Somebody That I Used to Know,Gotye featuring Kimbra
2011-10-15,1,Someone Like You,Adele
2011-10-22,1,I Follow Rivers,Lykke Li
2011-10-22,1,Somebody That I Used to Know,Gotye featuring Kimbra
2011-10-29,1,I Follow Rivers,Lykke Li
2011-10-29,1,Somebody That I Used to Know,Gotye featuring Kimbra
2011-11-05,1,I Follow Rivers,Lykke Li
2011-11-05,1,Somebody That I Used to Know,Gotye featuring Kimbra
2011-11-12,1,I Follow Rivers,Lykke Li
2011-11-12,1,Somebody That I Used to Know,Gotye featuring Kimbra
2011-11-19,1,I Follow Rivers,Lykke Li
2011-11-26,1,I Follow Rivers,Lykke Li
2011-12-03,1,I Follow Rivers,Lykke Li
2011-12-10,1,I Follow Rivers,Lykke Li
2011-12-10,1,Zanna,Selah Sue & Tom Barman vs. The Subs
2011-12-17,1,Zanna,Selah Sue & Tom Barman vs. The Subs
2011-12-17,1,I Follow Rivers,Lykke Li
2011-12-24,1,Zanna,Selah Sue & Tom Barman vs. The Subs
2011-12-24,1,Je l'aime à mourir,Shakira
2011-12-31,1,Zanna,Selah Sue & Tom Barman vs. The Subs
2011-12-31,1,Je l'aime à mourir,Shakira
2012-01-07,1,I Follow Rivers,Lykke Li
2012-01-14,1,Je l'aime à mourir,Shakira
2012-01-14,1,Ai Se Eu Te Pego!,Michel Teló
2012-01-21,1,Je l'aime à mourir,Shakira
2012-01-21,1,Ai Se Eu Te Pego!,Michel Teló
2012-01-28,1,Ai se eu te pego,Michel Teló
2012-01-28,1,Ai Se Eu Te Pego!,Michel Teló
2012-02-04,1,Ai Se Eu Te Pego!,Michel Teló
2012-02-04,1,Ai se eu te pego,Michel Teló
2012-02-11,1,Ai Se Eu Te Pego!,Michel Teló
2012-02-11,1,Ai se eu te pego,Michel Teló
2012-02-18,1,Ai Se Eu Te Pego!,Michel Teló
2012-02-18,1,Ai se eu te pego,Michel Teló
2012-02-25,1,Ai Se Eu Te Pego!,Michel Teló
2012-02-25,1,Ai se eu te pego,Michel Teló
2012-03-03,1,Ai Se Eu Te Pego!,Michel Teló
2012-03-03,1,Ai se eu te pego,Michel Teló
2012-03-10,1,Ai se eu te pego,Michel Teló
2012-03-10,1,I Follow Rivers,Triggerfinger
2012-03-17,1,I Follow Rivers,Triggerfinger
2012-03-17,1,Ai se eu te pego,Michel Teló
2012-03-24,1,I Follow Rivers,Triggerfinger
2012-03-24,1,Ai se eu te pego,Michel Teló
2012-03-31,1,Ai se eu te pego,Michel Teló
2012-03-31,1,I Follow Rivers,Triggerfinger
2012-04-07,1,Ai se eu te pego,Michel Teló
2012-04-07,1,I Follow Rivers,Triggerfinger
2012-04-14,1,I Follow Rivers,Triggerfinger
2012-04-14,1,Avant qu'elle parte,Sexion d'Assaut
2012-04-21,1,I Follow Rivers,Triggerfinger
2012-04-21,1,Avant qu'elle parte,Sexion d'Assaut
2012-04-28,1,Somebody That I Used to Know,Gotye featuring Kimbra
2012-04-28,1,Balada,Gusttavo Lima
2012-05-05,1,Le sens de la vie,Tal
2012-05-05,1,Balada,Gusttavo Lima
2012-05-12,1,Balada,Gusttavo Lima
2012-05-12,1,Somebody That I Used to Know,Gotye featuring Kimbra
2012-05-19,1,Balada,Gusttavo Lima
2012-05-19,1,Somebody That I Used to Know,Gotye featuring Kimbra
2012-05-26,1,Balada,Gusttavo Lima
2012-05-26,1,Somebody That I Used to Know,Gotye featuring Kimbra
2012-06-02,1,Happiness,Sam Sparro
2012-06-02,1,Somebody That I Used to Know,Gotye featuring Kimbra
2012-06-09,1,Somebody That I Used to Know,Gotye featuring Kimbra
2012-06-09,1,Euphoria,Loreen
2012-06-16,1,Somebody That I Used to Know,Gotye featuring Kimbra
2012-06-16,1,Happiness,Sam Sparro
2012-06-23,1,Happiness,Sam Sparro
2012-06-30,1,Happiness,Sam Sparro
2012-07-07,1,Happiness,Sam Sparro
2012-07-14,1,Happiness,Sam Sparro
2012-07-21,1,Happiness,Sam Sparro
2012-07-28,1,Balada,Gusttavo Lima
2012-07-28,1,Happiness,Sam Sparro
2012-08-04,1,Happiness,Sam Sparro
2012-08-04,1,Balada,Gusttavo Lima
2012-08-11,1,Happiness,Sam Sparro
2012-08-11,1,This Is Love,will.i.am featuring Eva Simons
2012-08-18,1,One Day / Reckoning Song,Asaf Avidan
2012-08-18,1,This Is Love,will.i.am featuring Eva Simons
2012-08-25,1,One Day / Reckoning Song,Asaf Avidan
2012-09-01,1,One Day / Reckoning Song,Asaf Avidan
2012-09-08,1,One Day / Reckoning Song,Asaf Avidan
2012-09-15,1,One Day / Reckoning Song,Asaf Avidan
2012-09-22,1,One Day / Reckoning Song,Asaf Avidan
2012-09-29,1,One Day / Reckoning Song,Asaf Avidan
2012-09-29,1,Gangnam Style,PSY
2012-10-06,1,One Day / Reckoning Song,Asaf Avidan
2012-10-06,1,Gangnam Style,PSY
2012-10-13,1,Gangnam Style,PSY
2012-10-13,1,One Day / Reckoning Song,Asaf Avidan
2012-10-20,1,Gangnam Style,PSY
2012-10-20,1,One Day / Reckoning Song,Asaf Avidan
2012-10-27,1,One Day / Reckoning Song,Asaf Avidan
2012-10-27,1,Gangnam Style,PSY
2012-11-03,1,Skyfall,Adele
2012-11-10,1,Skyfall,Adele
2012-11-17,1,Skyfall,Adele
2012-11-24,1,Skyfall,Adele
2012-12-01,1,Let Her Go,Passenger
2012-12-01,1,Gangnam Style,PSY
2012-12-08,1,Gangnam Style,PSY
2012-12-08,1,Let Her Go,Passenger
2012-12-15,1,Het Meneer Konijn lied,De Vrienden Van Meneer Konijn
2012-12-15,1,Gangnam Style,PSY
2012-12-22,1,Gangnam Style,PSY
2012-12-22,1,Scream & Shout,will.i.am featuring Britney Spears
2012-12-29,1,Scream & Shout,will.i.am featuring Britney Spears
2012-12-29,1,Gangnam Style,PSY
2013-01-05,1,Gangnam Style,Psy
2013-01-05,1,Scream & Shout,will.i.am featuring Britney Spears
2013-01-12,1,Scream & Shout,will.i.am featuring Britney Spears
2013-01-12,1,Gangnam Style,Psy
2013-01-19,1,Scream & Shout,will.i.am featuring Britney Spears
2013-01-26,1,Scream & Shout,will.i.am featuring Britney Spears
2013-02-02,1,Scream & Shout,will.i.am featuring Britney Spears
2013-02-09,1,Scream & Shout,will.i.am featuring Britney Spears
2013-02-16,1,Scream & Shout,will.i.am featuring Britney Spears
2013-02-23,1,Thrift Shop,Macklemore & Ryan Lewis featuring Wanz
2013-03-02,1,Thrift Shop,Macklemore & Ryan Lewis featuring Wanz
2013-03-09,1,Thrift Shop,Macklemore & Ryan Lewis featuring Wanz
2013-03-16,1,Thrift Shop,Macklemore & Ryan Lewis featuring Wanz
2013-03-23,1,Thrift Shop,Macklemore & Ryan Lewis featuring Wanz
2013-03-30,1,Thrift Shop,Macklemore & Ryan Lewis featuring Wanz
2013-04-06,1,Thrift Shop,Macklemore & Ryan Lewis featuring Wanz
2013-04-06,1,Another Love,Tom Odell
2013-04-13,1,Thrift Shop,Macklemore & Ryan Lewis featuring Wanz
2013-04-13,1,Another Love,Tom Odell
2013-04-20,1,J'me tire,Maître Gims
2013-04-20,1,Thrift Shop,Macklemore and Ryan Lewis featuring Wanz
2013-04-27,1,Get Lucky,Daft Punk featuring Pharrell Williams
2013-05-04,1,Get Lucky,Daft Punk featuring Pharrell Williams
2013-05-11,1,Get Lucky,Daft Punk featuring Pharrell Williams
2013-05-18,1,Get Lucky,Daft Punk featuring Pharrell Williams
2013-05-25,1,Get Lucky,Daft Punk featuring Pharrell Williams
2013-06-01,1,Get Lucky,Daft Punk featuring Pharrell Williams
2013-06-08,1,Dat ik je mis,Maaike Ouboter
2013-06-08,1,Get Lucky,Daft Punk featuring Pharrell Williams
2013-06-15,1,Blurred Lines,Robin Thicke featuring T.I. and Pharrell
2013-06-15,1,Formidable,Stromae
2013-06-22,1,Formidable,Stromae
2013-06-22,1,Blurred Lines,Robin Thicke featuring T.I. and Pharrell
2013-06-29,1,Blurred Lines,Robin Thicke featuring T.I. and Pharrell
2013-06-29,1,Formidable,Stromae
2013-07-06,1,Formidable,Stromae
2013-07-13,1,Wake Me Up,Avicii
2013-07-13,1,Formidable,Stromae
2013-07-20,1,Wake Me Up,Avicii
2013-07-20,1,Formidable,Stromae
2013-07-27,1,Formidable,Stromae
2013-07-27,1,Wake Me Up,Avicii
2013-08-03,1,Papaoutai,Stromae
2013-08-03,1,Wake Me Up,Avicii
2013-08-10,1,Papaoutai,Stromae
2013-08-10,1,Wake Me Up,Avicii
2013-08-17,1,Animals,Martin Garrix
2013-08-17,1,Wake Me Up,Avicii
2013-08-24,1,Papaoutai,Stromae
2013-08-24,1,Animals,Martin Garrix
2013-08-31,1,Animals,Martin Garrix
2013-09-07,1,Animals,Martin Garrix
2013-09-14,1,Animals,Martin Garrix
2013-09-21,1,Animals,Martin Garrix
2013-09-28,1,Animals,Martin Garrix
2013-10-05,1,Animals,Martin Garrix
2013-10-12,1,Vliegtuig,Clouseau
2013-10-12,1,Animals,Martin Garrix
2013-10-19,1,Animals,Martin Garrix
2013-10-26,1,Talk Dirty,Jason Derulo featuring 2 Chainz
2013-10-26,1,Animals,Martin Garrix
2013-11-02,1,Animals,Martin Garrix
2013-11-02,1,Tsunami,DVBBS and Borgeous
2013-11-09,1,Royals,Lorde
2013-11-09,1,Animals,Martin Garrix
2013-11-16,1,Royals,Lorde
2013-11-16,1,Tsunami,DVBBS and Borgeous
2013-11-23,1,Royals,Lorde
2013-11-30,1,Royals,Lorde
2013-11-30,1,Tous les mêmes,Stromae
2013-12-07,1,Tous les mêmes,Stromae
2013-12-07,1,Royals,Lorde
2013-12-14,1,Samen voor altijd,"Marco Borsato and Jada Borsato featuring Willem Frederiks, Lange Frans, Day Ewbank and John Ewbank"
2013-12-14,1,Tous les mêmes,Stromae
2013-12-21,1,Hey Brother,Avicii
2013-12-21,1,Samen voor altijd,"Marco Borsato and Jada Borsato featuring Willem Frederiks, Lange Frans, Day Ewbank and John Ewbank"
2013-12-28,1,Tous les mêmes,Stromae
2013-12-28,1,Samen voor altijd,"Marco Borsato and Jada Borsato featuring Willem Frederiks, Lange Frans, Day Ewbank and John Ewbank"
2014-01-04,1,Jubel,Klingande
2014-01-04,1,Tous les mêmes,Stromae
2014-01-11,1,Happy,Pharrell Williams
2014-01-18,1,Jubel,Klingande
2014-01-18,1,Happy,Pharrell Williams
2014-01-25,1,Happy,Pharrell Williams
2014-02-01,1,Happy,Pharrell Williams
2014-02-01,1,Jubel,Klingande
2014-02-08,1,Happy,Pharrell Williams
2014-02-15,1,Happy,Pharrell Williams
2014-02-22,1,Happy,Pharrell Williams
2014-03-01,1,Dark Horse,Katy Perry featuring Juicy J
2014-03-01,1,Happy,Pharrell Williams
2014-03-08,1,Dark Horse,Katy Perry featuring Juicy J
2014-03-08,1,Happy,Pharrell Williams
2014-03-15,1,Happy,Pharrell Williams
2014-03-22,1,Happy,Pharrell Williams
2014-03-22,1,Dark Horse,Katy Perry featuring Juicy J
2014-03-29,1,Happy,Pharrell Williams
2014-04-05,1,Happy,Pharrell Williams
2014-04-12,1,Stolen Dance,Milky Chance
2014-04-12,1,Say Something,A Great Big World and Christina Aguilera
2014-04-19,1,Stolen Dance,Milky Chance
2014-04-19,1,Say Something,A Great Big World and Christina Aguilera
2014-04-26,1,Waves,Mr Probz
2014-04-26,1,Happy,Pharrell Williams
2014-05-03,1,Waves,Mr Probz
2014-05-03,1,Midnight,Coldplay
2014-05-10,1,A Sky Full of Stars,Coldplay
2014-05-10,1,Waves,Mr Probz
2014-05-17,1,Calm After the Storm,The Common Linnets
2014-05-17,1,Happy,Pharrell Williams
2014-05-24,1,Waves,Mr Probz
2014-05-24,1,Happy,Pharrell Williams
2014-05-31,1,Waves,Mr Probz
2014-05-31,1,Happy,Pharrell Williams
2014-06-07,1,Hideaway,Kiesza
2014-06-07,1,Stolen Dance,Milky Chance
2014-06-14,1,Stolen Dance,Milky Chance
2014-06-14,1,Hideaway,Kiesza
2014-06-21,1,Hideaway,Kiesza
2014-06-21,1,We Are One,Pitbull featuring Jennifer Lopez and Claudia Leitte
2014-06-28,1,Running Low,Netsky featuring Beth Ditto
2014-06-28,1,Magic in the Air,Magic System featuring Chawki
2014-07-05,1,Magic in the Air,Magic System featuring Chawki
2014-07-05,1,Dance With The Devils,Gunther D
2014-07-12,1,Magic in the Air,Magic System featuring Chawki
2014-07-12,1,Prayer in C,Lilly Wood and the Prick and Robin Schulz
2014-07-19,1,Prayer in C,Lilly Wood and the Prick and Robin Schulz
2014-07-26,1,Prayer in C,Lilly Wood and the Prick and Robin Schulz
2014-08-02,1,Prayer in C,Lilly Wood and the Prick and Robin Schulz
2014-08-09,1,Prayer in C,Lilly Wood and the Prick and Robin Schulz
2014-08-16,1,Prayer in C,Lilly Wood and the Prick and Robin Schulz
2014-08-23,1,Home,Dotan
2014-08-23,1,Prayer in C,Lilly Wood and the Prick and Robin Schulz
2014-08-30,1,Home,Dotan
2014-08-30,1,Prayer in C,Lilly Wood and the Prick and Robin Schulz
2014-09-06,1,Home,Dotan
2014-09-06,1,Prayer in C,Lilly Wood and the Prick and Robin Schulz
2014-09-13,1,Prayer in C,Lilly Wood and the Prick and Robin Schulz
2014-09-13,1,Take Me to Church,Hozier
2014-09-20,1,Prayer in C,Lilly Wood and the Prick and Robin Schulz
2014-09-20,1,Take Me to Church,Hozier
2014-09-27,1,Prayer in C,Lilly Wood and the Prick and Robin Schulz
2014-09-27,1,Take Me to Church,Hozier
2014-10-04,1,Prayer in C,Lilly Wood and the Prick and Robin Schulz
2014-10-04,1,Take Me to Church,Hozier
2014-10-11,1,Prayer in C,Lilly Wood and the Prick and Robin Schulz
2014-10-11,1,Take Me to Church,Hozier
2014-10-18,1,Prayer in C,Lilly Wood and the Prick and Robin Schulz
2014-10-18,1,Take Me to Church,Hozier
2014-10-25,1,Prayer in C,Lilly Wood and the Prick and Robin Schulz
2014-10-25,1,Take Me to Church,Hozier
2014-11-01,1,Dangerous,David Guetta featuring Sam Martin
2014-11-01,1,Take Me to Church,Hozier
2014-11-08,1,Take Me to Church,Hozier
2014-11-08,1,Dangerous,David Guetta featuring Sam Martin
2014-11-15,1,Take Me to Church,Hozier
2014-11-15,1,Dangerous,David Guetta featuring Sam Martin
2014-11-22,1,Sexy Als Ik Dans,Nielson
2014-11-22,1,Dangerous,David Guetta featuring Sam Martin
2014-11-29,1,Do They Know It's Christmas?,Band Aid 30
2014-11-29,1,Dangerous,David Guetta featuring Sam Martin
2014-12-06,1,Are You With Me,Lost Frequencies
2014-12-06,1,Dangerous,David Guetta featuring Sam Martin
2014-12-13,1,Are You With Me,Lost Frequencies
2014-12-13,1,Dangerous,David Guetta featuring Sam Martin
2014-12-20,1,Are You With Me,Lost Frequencies
2014-12-20,1,Alone,Selah Sue
2014-12-27,1,Dangerous,David Guetta featuring Sam Martin
2014-12-27,1,Are You With Me,Lost Frequencies
2015-01-03,1,Dangerous,David Guetta featuring Sam Martin
2015-01-03,1,Are You With Me,Lost Frequencies
2015-01-10,1,Uptown Funk,Mark Ronson featuring Bruno Mars
2015-01-17,1,Uptown Funk,Mark Ronson featuring Bruno Mars
2015-01-24,1,Uptown Funk,Mark Ronson featuring Bruno Mars
2015-01-31,1,Uptown Funk,Mark Ronson featuring Bruno Mars
2015-01-31,1,Christine,Christine and the Queens
2015-02-07,1,Uptown Funk,Mark Ronson featuring Bruno Mars
2015-02-07,1,Christine,Christine and the Queens
2015-02-14,1,Uptown Funk,Mark Ronson featuring Bruno Mars
2015-02-14,1,Christine,Christine and the Queens
2015-02-21,1,Christine,Christine and the Queens
2015-02-28,1,Christine,Christine and the Queens
2015-02-28,1,Cheerleader,OMI
2015-03-07,1,Cheerleader,OMI
2015-03-07,1,Christine,Christine and the Queens
2015-03-14,1,Cheerleader,OMI
2015-03-14,1,Christine,Christine and the Queens
2015-03-21,1,Cheerleader,OMI
2015-03-21,1,Christine,Christine and the Queens
2015-03-28,1,Christine,Christine and the Queens
2015-03-28,1,Cheerleader,OMI
2015-04-04,1,Cheerleader,OMI
2015-04-11,1,"Goeiemorgend, Goeiendag",Stan Van Samang
2015-04-11,1,Cheerleader,OMI
2015-04-18,1,See You Again,Wiz Khalifa featuring Charlie Puth
2015-04-18,1,Cheerleader,OMI
2015-04-25,1,See You Again,Wiz Khalifa featuring Charlie Puth
2015-04-25,1,Cheerleader,OMI
2015-05-02,1,Cheerleader,OMI
2015-05-02,1,See You Again,Wiz Khalifa featuring Charlie Puth
2015-05-09,1,Cheerleader,OMI
2015-05-09,1,Een Ster,Stan Van Samang
2015-05-16,1,Easy Come Easy Go,Alice on the roof
2015-05-16,1,The Hum,Dimitri Vegas & Like Mike Vs. Ummet Ozcan
2015-05-23,1,Een Ster,Stan Van Samang
2015-05-23,1,Goodbye,Feder featuring Lyse
2015-05-30,1,Rhythm Inside,Loïc Nottet
2015-06-06,1,Rhythm Inside,Loïc Nottet
2015-06-13,1,Rhythm Inside,Loïc Nottet
2015-06-13,1,Goodbye,Feder featuring Lyse
2015-06-20,1,Rhythm Inside,Loïc Nottet
2015-06-20,1,Goodbye,Feder featuring Lyse
2015-06-27,1,Reality,Lost Frequencies featuring Janieck Devy
2015-06-27,1,Homeless,Marina Kaye
2015-07-04,1,Reality,Lost Frequencies featuring Janieck Devy
2015-07-04,1,Homeless,Marina Kaye
2015-07-11,1,Reality,Lost Frequencies featuring Janieck Devy
2015-07-11,1,Goodbye,Feder featuring Lyse
2015-07-18,1,Higher Place,Dimitri Vegas & Like Mike feat. Ne-Yo
2015-07-18,1,Reality,Lost Frequencies featuring Janieck Devy
2015-07-25,1,Reality,Lost Frequencies featuring Janieck Devy
2015-08-01,1,Higher Place,Dimitri Vegas & Like Mike feat. Ne-Yo
2015-08-01,1,Reality,Lost Frequencies featuring Janieck Devy
2015-08-08,1,Higher Place,Dimitri Vegas & Like Mike feat. Ne-Yo
2015-08-08,1,Reality,Lost Frequencies featuring Janieck Devy
2015-08-15,1,Reality,Lost Frequencies featuring Janieck Devy
2015-08-15,1,Higher Place,Dimitri Vegas & Like Mike feat. Ne-Yo
2015-08-22,1,El Perdón,Nicky Jam featuring Enrique Iglesias
2015-08-22,1,Reality,Lost Frequencies featuring Janieck Devy
2015-08-29,1,El Perdón,Nicky Jam featuring Enrique Iglesias
2015-08-29,1,Higher Place,Dimitri Vegas & Like Mike feat. Ne-Yo
2015-09-05,1,Higher Place,Dimitri Vegas & Like Mike feat. Ne-Yo
2015-09-05,1,Stolen Car,Mylène Farmer & Sting
2015-09-12,1,El Perdón,Nicky Jam feat. Enrique Iglesias
2015-09-12,1,Higher Place,Dimitri Vegas & Like Mike feat. Ne-Yo
2015-09-19,1,How Deep Is Your Love,Calvin Harris & Disciples
2015-09-19,1,Higher Place,Dimitri Vegas & Like Mike feat. Ne-Yo
2015-09-26,1,How Deep Is Your Love,Calvin Harris & Disciples
2015-09-26,1,Catch & Release,Matt Simons
2015-10-03,1,Catch & Release,Matt Simons
2015-10-03,1,How Deep Is Your Love,Calvin Harris & Disciples
2015-10-10,1,Catch & Release,Matt Simons
2015-10-10,1,How Deep Is Your Love,Calvin Harris & Disciples
2015-10-17,1,Catch & Release,Matt Simons
2015-10-24,1,Catch & Release,Matt Simons
2015-10-31,1,Hello,Adele
2015-11-07,1,Hello,Adele
2015-11-14,1,Hello,Adele
2015-11-21,1,10.000 luchtballonnen,K3
2015-11-21,1,Hello,Adele
2015-11-28,1,Hello,Adele
2015-12-05,1,Hello,Adele
2015-12-12,1,Hello,Adele
2015-12-19,1,Hello,Adele
2015-12-26,1,Hello,Adele
2016-01-02,1,Hello,Adele
2016-01-09,1,Hello,Adele
2016-01-16,1,Hello,Adele
2016-01-23,1,Fortune Cookie,Emma Bale featuring Milow
2016-01-23,1,Hello,Adele
2016-01-30,1,7 Years,Lukas Graham
2016-01-30,1,Hello,Adele
2016-02-06,1,Hello,Adele
2016-02-06,1,7 Years,Lukas Graham
2016-02-13,1,7 Years,Lukas Graham
2016-02-13,1,Hello,Adele
2016-02-20,1,7 Years,Lukas Graham
2016-02-20,1,Hello,Adele
2016-02-27,1,7 Years,Lukas Graham
2016-02-27,1,Hello,Adele
2016-03-05,1,7 Years,Lukas Graham
2016-03-05,1,Work,Rihanna featuring Drake
2016-03-12,1,Hundred Miles,Yall featuring Gabriela Richardson
2016-03-12,1,7 Years,Lukas Graham
2016-03-19,1,Hundred Miles,Yall featuring Gabriela Richardson
2016-03-19,1,Be the One,Dua Lipa
2016-03-26,1,Hundred Miles,Yall featuring Gabriela Richardson
2016-03-26,1,7 Years,Lukas Graham
2016-04-02,1,Faded,Alan Walker
2016-04-02,1,7 Years,Lukas Graham
2016-04-09,1,Faded,Alan Walker
2016-04-09,1,7 Years,Lukas Graham
2016-04-16,1,Faded,Alan Walker
2016-04-16,1,I Took a Pill in Ibiza,Mike Posner
2016-04-23,1,Faded,Alan Walker
2016-04-23,1,I Took a Pill in Ibiza,Mike Posner
2016-04-30,1,I Took a Pill in Ibiza,Mike Posner
2016-05-07,1,I Took a Pill in Ibiza,Mike Posner
2016-05-07,1,One Dance,Drake featuring Wizkid and Kyla
2016-05-14,1,Cheap Thrills,Sia featuring Sean Paul
2016-05-14,1,One Dance,Drake featuring Wizkid and Kyla
2016-05-21,1,One Dance,Drake featuring Wizkid and Kyla
2016-05-21,1,I Took a Pill in Ibiza,Mike Posner
2016-05-28,1,Can't Stop the Feeling!,Justin Timberlake
2016-05-28,1,I Took a Pill in Ibiza,Mike Posner
2016-06-04,1,This Girl,Kungs vs. Cookin' on 3 Burners
2016-06-04,1,Can't Stop the Feeling!,Justin Timberlake
2016-06-11,1,Can't Stop the Feeling!,Justin Timberlake
2016-06-11,1,This Girl,Kungs vs. Cookin' on 3 Burners
2016-06-18,1,Can't Stop the Feeling!,Justin Timberlake
2016-06-18,1,This Girl,Kungs vs. Cookin' on 3 Burners
2016-06-25,1,This Girl,Kungs vs. Cookin' on 3 Burners
2016-06-25,1,Can't Stop the Feeling!,Justin Timberlake
2016-07-02,1,Can't Stop the Feeling!,Justin Timberlake
2016-07-02,1,This Girl,Kungs vs. Cookin' on 3 Burners
2016-07-09,1,Can't Stop the Feeling!,Justin Timberlake
2016-07-09,1,This Girl,Kungs vs. Cookin' on 3 Burners
2016-07-16,1,This Girl,Kungs vs. Cookin' on 3 Burners
2016-07-16,1,Can't Stop the Feeling!,Justin Timberlake
2016-07-23,1,This Girl,Kungs vs. Cookin' on 3 Burners
2016-07-23,1,Can't Stop the Feeling!,Justin Timberlake
2016-07-30,1,Can't Stop the Feeling!,Justin Timberlake
2016-07-30,1,This Girl,Kungs vs. Cookin' on 3 Burners
2016-08-06,1,Can't Stop the Feeling!,Justin Timberlake
2016-08-13,1,Can't Stop the Feeling!,Justin Timberlake
2016-08-13,1,Beautiful Life,Lost Frequencies featuring Sandro Cavazza
2016-08-20,1,Can't Stop the Feeling!,Justin Timberlake
2016-08-27,1,Can't Stop the Feeling!,Justin Timberlake
2016-09-03,1,This Girl,Kungs vs. Cookin' on 3 Burners
2016-09-03,1,Sofia,Álvaro Soler
2016-09-10,1,This Girl,Kungs vs. Cookin' on 3 Burners
2016-09-10,1,Can't Stop the Feeling!,Justin Timberlake
2016-09-17,1,Beautiful Life,Lost Frequencies featuring Sandro Cavazza
2016-09-17,1,Closer,The Chainsmokers featuring Halsey
2016-09-24,1,Closer,The Chainsmokers featuring Halsey
2016-09-24,1,Beautiful Life,Lost Frequencies featuring Sandro Cavazza
2016-10-01,1,Cold Water,Major Lazer featuring Justin Bieber and MØ
2016-10-01,1,Closer,The Chainsmokers featuring Halsey
2016-10-08,1,Closer,The Chainsmokers featuring Halsey
2016-10-08,1,Beautiful Life,Lost Frequencies featuring Sandro Cavazza
2016-10-15,1,Closer,The Chainsmokers featuring Halsey
2016-10-15,1,Aloha,Møme featuring Merryn Jeann
2016-10-22,1,Closer,The Chainsmokers featuring Halsey
2016-10-22,1,Lost on You,LP
2016-10-29,1,Human,Rag'n'Bone Man
2016-10-29,1,Lost on You,LP
2016-11-05,1,Human,Rag'n'Bone Man
2016-11-05,1,Lost on You,LP
2016-11-12,1,The Greatest,Sia featuring Kendrick Lamar
2016-11-12,1,Human,Rag'n'Bone Man
2016-11-19,1,What Is Love 2016,Lost Frequencies
2016-11-19,1,The Greatest,Sia featuring Kendrick Lamar
2016-11-26,1,Human,Rag'n'Bone Man
2016-11-26,1,What Is Love 2016,Lost Frequencies
2016-12-03,1,Starboy,The Weeknd featuring Daft Punk
2016-12-03,1,Human,Rag'n'Bone Man
2016-12-10,1,Starboy,The Weeknd featuring Daft Punk
2016-12-10,1,What Is Love 2016,Lost Frequencies
2016-12-17,1,Human,Rag'n'Bone Man
2016-12-17,1,Lost on You,LP
2016-12-24,1,Hey Baby,Dimitri Vegas & Like Mike vs. Diplo featuring Deb's Daughter
2016-12-24,1,Starboy,The Weeknd featuring Daft Punk
2016-12-31,1,Human,Rag'n'Bone Man
2017-01-07,1,24K Magic,Bruno Mars
2017-01-07,1,Human,Rag'n'Bone Man
2017-01-14,1,Rockabye,Clean Bandit featuring Sean Paul and Anne-Marie
2017-01-14,1,Hey Baby,Dimitri Vegas & Like Mike vs. Diplo featuring Deb's Daughter
2017-01-21,1,Rockabye,Clean Bandit featuring Sean Paul and Anne-Marie
2017-01-21,1,Shape of You,Ed Sheeran
2017-01-28,1,Shape of You,Ed Sheeran
2017-01-28,1,Rockabye,Clean Bandit featuring Sean Paul and Anne-Marie
2017-02-04,1,Shape of You,Ed Sheeran
2017-02-11,1,Shape of You,Ed Sheeran
2017-02-18,1,Shape of You,Ed Sheeran
2017-02-25,1,Shape of You,Ed Sheeran
2017-03-04,1,Shape of You,Ed Sheeran
2017-03-11,1,Shape of You,Ed Sheeran
2017-03-18,1,Shape of You,Ed Sheeran
2017-03-25,1,Shape of You,Ed Sheeran
2017-04-01,1,Shape of You,Ed Sheeran
2017-04-08,1,Shape of You,Ed Sheeran
2017-04-15,1,Shape of You,Ed Sheeran
2017-04-22,1,Shape of You,Ed Sheeran
2017-04-29,1,Something Just Like This,The Chainsmokers featuring Coldplay
2017-04-29,1,Shape of You,Ed Sheeran
2017-05-06,1,Shape of You,Ed Sheeran
2017-05-13,1,Shape of You,Ed Sheeran
2017-05-13,1,Something Just Like This,The Chainsmokers featuring Coldplay
2017-05-20,1,Despacito,Luis Fonsi featuring Daddy Yankee
2017-05-20,1,City Lights,Blanche
2017-05-27,1,Despacito,Luis Fonsi featuring Daddy Yankee
2017-05-27,1,City Lights,Blanche
2017-06-03,1,Despacito,Luis Fonsi featuring Daddy Yankee
2017-06-10,1,Despacito,Luis Fonsi featuring Daddy Yankee
2017-06-17,1,Despacito,Luis Fonsi featuring Daddy Yankee
2017-06-24,1,Despacito,Luis Fonsi featuring Daddy Yankee
2017-07-01,1,Despacito,Luis Fonsi featuring Daddy Yankee
2017-07-08,1,Despacito,Luis Fonsi featuring Daddy Yankee
2017-07-15,1,Despacito,Luis Fonsi featuring Daddy Yankee
2017-07-22,1,Despacito,Luis Fonsi featuring Daddy Yankee
2017-07-29,1,Despacito,Luis Fonsi featuring Daddy Yankee
2017-08-05,1,Despacito,Luis Fonsi featuring Daddy Yankee
2017-08-12,1,Despacito,Luis Fonsi featuring Daddy Yankee
2017-08-19,1,Despacito,Luis Fonsi featuring Daddy Yankee
2017-08-26,1,Despacito,Luis Fonsi featuring Daddy Yankee
2017-08-26,1,Where Did You Go,Regi
2017-09-02,1,Feels,"Calvin Harris featuring Pharrell Williams, Katy Perry and Big Sean"
2017-09-02,1,Where Did You Go,Regi
2017-09-09,1,Feels,"Calvin Harris featuring Pharrell Williams, Katy Perry and Big Sean"
2017-09-09,1,Where Did You Go,Regi
2017-09-16,1,Where Did You Go,Regi
2017-09-16,1,Feels,"Calvin Harris featuring Pharrell Williams, Katy Perry and Big Sean"
2017-09-23,1,New Rules,Dua Lipa
2017-09-23,1,Feels,"Calvin Harris featuring Pharrell Williams, Katy Perry and Big Sean"
2017-09-30,1,New Rules,Dua Lipa
2017-09-30,1,Feels,"Calvin Harris featuring Pharrell Williams, Katy Perry and Big Sean"
2017-10-07,1,Perfect,Ed Sheeran
2017-10-07,1,Réseaux,Niska
2017-10-14,1,Réseaux,Niska
2017-10-14,1,New Rules,Dua Lipa
2017-10-21,1,Réseaux,Niska
2017-10-21,1,New Rules,Dua Lipa
2017-10-28,1,Mwaka Moon,Kalash featuring Damso
2017-10-28,1,New Rules,Dua Lipa
2017-11-04,1,Mwaka Moon,Kalash featuring Damso
2017-11-04,1,Perfect,Ed Sheeran
2017-11-11,1,Mwaka Moon,Kalash featuring Damso
2017-11-11,1,Perfect,Ed Sheeran
2017-11-18,1,Perfect,Ed Sheeran
2017-11-25,1,Perfect,Ed Sheeran
2017-12-02,1,Perfect,Ed Sheeran
2017-12-09,1,Perfect,Ed Sheeran
2017-12-16,1,Perfect,Ed Sheeran
2017-12-23,1,Perfect,Ed Sheeran
2017-12-30,1,Perfect,Ed Sheeran
2018-01-06,1,Perfect,Ed Sheeran
2018-01-13,1,Perfect,Ed Sheeran
2018-01-20,1,Perfect,Ed Sheeran
2018-01-27,1,Perfect,Ed Sheeran
2018-02-03,1,Perfect,Ed Sheeran
2018-02-10,1,Crazy,Lost Frequencies and Zonderling
2018-02-10,1,Perfect,Ed Sheeran
2018-02-17,1,Hit Sale,Therapie Taxi featuring Roméo Elvis
2018-02-17,1,Crazy,Lost Frequencies and Zonderling
2018-02-24,1,Crazy,Lost Frequencies and Zonderling
2018-02-24,1,Hit Sale,Therapie Taxi featuring Roméo Elvis
2018-03-03,1,Hit Sale,Therapie Taxi featuring Roméo Elvis
2018-03-03,1,Crazy,Lost Frequencies and Zonderling
2018-03-10,1,Crazy,Lost Frequencies and Zonderling
2018-03-17,1,Hit Sale,Therapie Taxi featuring Roméo Elvis
2018-03-17,1,Zoutelande,BLØF featuring Geike Arnaert
2018-03-24,1,Zoutelande,BLØF featuring Geike Arnaert
2018-03-24,1,Hit Sale,Therapie Taxi featuring Roméo Elvis
2018-03-31,1,Zoutelande,BLØF featuring Geike Arnaert
2018-03-31,1,Crazy,Lost Frequencies and Zonderling
2018-04-07,1,La même,Maître Gims featuring Vianney
2018-04-07,1,Zoutelande,BLØF featuring Geike Arnaert
2018-04-14,1,La même,Maître Gims featuring Vianney
2018-04-14,1,Zoutelande,BLØF featuring Geike Arnaert
2018-04-21,1,La même,Maître Gims featuring Vianney
2018-04-21,1,Zoutelande,BLØF featuring Geike Arnaert
2018-04-28,1,La même,Maître Gims featuring Vianney
2018-04-28,1,One Kiss,Calvin Harris and Dua Lipa
2018-05-05,1,One Kiss,Calvin Harris and Dua Lipa
2018-05-05,1,La même,Maître Gims featuring Vianney
2018-05-12,1,La même,Maître Gims featuring Vianney
2018-05-12,1,One Kiss,Calvin Harris and Dua Lipa
2018-05-19,1,One Kiss,Calvin Harris and Dua Lipa
2018-05-19,1,La même,Maître Gims featuring Vianney
2018-05-26,1,La même,Maître Gims featuring Vianney
2018-05-26,1,One Kiss,Calvin Harris and Dua Lipa
2018-06-02,1,La même,Maître Gims featuring Vianney
2018-06-02,1,One Kiss,Calvin Harris and Dua Lipa
2018-06-09,1,La même,Maître Gims featuring Vianney
2018-06-09,1,One Kiss,Calvin Harris and Dua Lipa
2018-06-16,1,La même,Maître Gims featuring Vianney
2018-06-16,1,One Kiss,Calvin Harris and Dua Lipa
2018-06-23,1,One Kiss,Calvin Harris and Dua Lipa
2018-06-23,1,Smog,Damso
2018-06-30,1,One Kiss,Calvin Harris and Dua Lipa
2018-07-07,1,One Kiss,Calvin Harris and Dua Lipa
2018-07-14,1,One Kiss,Calvin Harris and Dua Lipa
2018-07-21,1,One Kiss,Calvin Harris and Dua Lipa
2018-07-28,1,Ellie,Regi featuring Jake Reese
2018-07-28,1,One Kiss,Calvin Harris and Dua Lipa
2018-08-04,1,One Kiss,Calvin Harris and Dua Lipa
2018-08-04,1,Ellie,Regi featuring Jake Reese
2018-08-11,1,One Kiss,Calvin Harris and Dua Lipa
2018-08-11,1,Ellie,Regi featuring Jake Reese
2018-08-18,1,Ellie,Regi featuring Jake Reese
2018-08-18,1,One Kiss,Calvin Harris and Dua Lipa
2018-08-25,1,Ellie,Regi featuring Jake Reese
2018-08-25,1,One Kiss,Calvin Harris and Dua Lipa
2018-09-01,1,Ellie,Regi featuring Jake Reese
2018-09-01,1,Solo,Clean Bandit featuring Demi Lovato
2018-09-08,1,Solo,Clean Bandit featuring Demi Lovato
2018-09-08,1,Ellie,Regi featuring Jake Reese
2018-09-15,1,Shotgun,George Ezra
2018-09-15,1,Solo,Clean Bandit featuring Demi Lovato
2018-09-22,1,Shotgun,George Ezra
2018-09-22,1,Solo,Clean Bandit featuring Demi Lovato
2018-09-29,1,Shotgun,George Ezra
2018-09-29,1,In My Mind,Dynoro and Gigi D'Agostino
2018-10-06,1,Shotgun,George Ezra
2018-10-06,1,In My Mind,Dynoro and Gigi D'Agostino
2018-10-13,1,Shotgun,George Ezra
2018-10-13,1,In My Mind,Dynoro and Gigi D'Agostino
2018-10-20,1,Shotgun,George Ezra
2018-10-20,1,In My Mind,Dynoro and Gigi D'Agostino
2018-10-27,1,Shotgun,George Ezra
2018-10-27,1,In My Mind,Dynoro and Gigi D'Agostino
2018-11-03,1,In My Mind,Dynoro and Gigi D'Agostino
2018-11-03,1,Be Alright,Dean Lewis
2018-11-10,1,In My Mind,Dynoro and Gigi D'Agostino
2018-11-10,1,Shotgun,George Ezra
2018-11-17,1,In My Mind,Dynoro and Gigi D'Agostino
2018-11-17,1,Promises,Calvin Harris and Sam Smith
2018-11-24,1,Rêves bizarres,Orelsan featuring Damso
2018-11-24,1,Be Alright,Dean Lewis
2018-12-01,1,In My Mind,Dynoro and Gigi D'Agostino
2018-12-01,1,Sweet but Psycho,Ava Max
2018-12-08,1,Sweet but Psycho,Ava Max
2018-12-08,1,In My Mind,Dynoro and Gigi D'Agostino
2018-12-15,1,Sweet but Psycho,Ava Max
2018-12-15,1,In My Mind,Dynoro and Gigi D'Agostino
2018-12-22,1,Sweet but Psycho,Ava Max
2018-12-22,1,Tout oublier,Angèle featuring Roméo Elvis
2018-12-29,1,Sweet but Psycho,Ava Max
2018-12-29,1,Tout oublier,Angèle featuring Roméo Elvis
2019-01-05,1,Sweet but Psycho,Ava Max
2019-01-05,1,Tout oublier,Angèle featuring Roméo Elvis
2019-01-12,1,Sweet but Psycho,Ava Max
2019-01-12,1,Tout oublier,Angèle featuring Roméo Elvis
2019-01-19,1,Sweet but Psycho,Ava Max
2019-01-19,1,Tout oublier,Angèle featuring Roméo Elvis
2019-01-26,1,Tout oublier,Angèle featuring Roméo Elvis
2019-01-26,1,Sweet but Psycho,Ava Max
2019-02-02,1,Sweet but Psycho,Ava Max
2019-02-02,1,Tout oublier,Angèle featuring Roméo Elvis
2019-02-09,1,Sweet but Psycho,Ava Max
2019-02-09,1,Tout oublier,Angèle featuring Roméo Elvis
2019-02-16,1,Tout oublier,Angèle featuring Roméo Elvis
2019-02-16,1,Sweet but Psycho,Ava Max
2019-02-23,1,Tout oublier,Angèle featuring Roméo Elvis
2019-02-23,1,Sweet but Psycho,Ava Max
2019-03-02,1,Tout oublier,Angèle featuring Roméo Elvis
2019-03-02,1,Sweet but Psycho,Ava Max
2019-03-09,1,Tout oublier,Angèle featuring Roméo Elvis
2019-03-09,1,Sweet but Psycho,Ava Max
2019-03-16,1,Sweet but Psycho,Ava Max
2019-03-16,1,Giant,Calvin Harris and Rag'n'Bone Man
2019-03-23,1,Giant,Calvin Harris and Rag'n'Bone Man
2019-03-30,1,Au DD,PNL
2019-03-30,1,Giant,Calvin Harris and Rag'n'Bone Man
2019-04-06,1,Giant,Calvin Harris and Rag'n'Bone Man
2019-04-06,1,Au DD,PNL
2019-04-13,1,Au DD,PNL
2019-04-13,1,Giant,Calvin Harris and Rag'n'Bone Man
2019-04-20,1,Au DD,PNL
2019-04-20,1,Giant,Calvin Harris and Rag'n'Bone Man
2019-04-27,1,Balance ton quoi,Angèle
2019-04-27,1,Giant,Calvin Harris and Rag'n'Bone Man
2019-05-04,1,Balance ton quoi,Angèle
2019-05-04,1,Old Town Road,Lil Nas X
2019-05-11,1,Balance ton quoi,Angèle
2019-05-11,1,Old Town Road,Lil Nas X
2019-05-18,1,Old Town Road,Lil Nas X
2019-05-18,1,Balance ton quoi,Angèle
2019-05-25,1,Old Town Road,Lil Nas X
2019-05-25,1,Balance ton quoi,Angèle
2019-06-01,1,Old Town Road,Lil Nas X
2019-06-01,1,Balance ton quoi,Angèle
2019-06-08,1,Old Town Road,Lil Nas X
2019-06-08,1,Balance ton quoi,Angèle
2019-06-15,1,Tricheur,Nekfeu featuring Damso
2019-06-15,1,Old Town Road,Lil Nas X
2019-06-22,1,Old Town Road,Lil Nas X
2019-06-29,1,Old Town Road,Lil Nas X ft. Billy Ray Cyrus
2019-07-06,1,Old Town Road,Lil Nas X ft. Billy Ray Cyrus
2019-07-13,1,Old Town Road,Lil Nas X ft. Billy Ray Cyrus
2019-07-20,1,Old Town Road,Lil Nas X ft. Billy Ray Cyrus
2019-07-20,1,Hoe het danst,"Marco Borsato, Armin van Buuren and Davina Michelle"
2019-07-27,1,Old Town Road,Lil Nas X ft. Billy Ray Cyrus
2019-07-27,1,Hoe het danst,"Marco Borsato, Armin van Buuren and Davina Michelle"
2019-08-03,1,Hoe het danst,"Marco Borsato, Armin van Buuren and Davina Michelle"
2019-08-03,1,Old Town Road,Lil Nas X ft. Billy Ray Cyrus
2019-08-10,1,Hoe het danst,"Marco Borsato, Armin van Buuren and Davina Michelle"
2019-08-10,1,Old Town Road,Lil Nas X ft. Billy Ray Cyrus
2019-08-17,1,Hoe het danst,"Marco Borsato, Armin van Buuren and Davina Michelle"
2019-08-17,1,Old Town Road,Lil Nas X ft. Billy Ray Cyrus
2019-08-24,1,Hoe het danst,"Marco Borsato, Armin van Buuren and Davina Michelle"
2019-08-24,1,Old Town Road,Lil Nas X ft. Billy Ray Cyrus
2019-08-31,1,Old Town Road,Lil Nas X ft. Billy Ray Cyrus
2019-08-31,1,Hoe het danst,"Marco Borsato, Armin van Buuren and Davina Michelle"
2019-09-07,1,Hoe het danst,"Marco Borsato, Armin van Buuren and Davina Michelle"
2019-09-07,1,Old Town Road,Lil Nas X ft. Billy Ray Cyrus
2019-09-14,1,Señorita,Shawn Mendes and Camila Cabello
2019-09-14,1,Hoe het danst,"Marco Borsato, Armin van Buuren and Davina Michelle"
2019-09-21,1,Hoe het danst,"Marco Borsato, Armin van Buuren and Davina Michelle"
2019-09-21,1,Señorita,Shawn Mendes and Camila Cabello
2019-09-28,1,Dance Monkey,Tones and I
2019-09-28,1,Señorita,Shawn Mendes and Camila Cabello
2019-10-05,1,Dance Monkey,Tones and I
2019-10-12,1,Dance Monkey,Tones and I
2019-10-19,1,Dance Monkey,Tones and I
2019-10-26,1,Dance Monkey,Tones and I
2019-11-02,1,Dance Monkey,Tones and I
2019-11-09,1,Dance Monkey,Tones and I
2019-11-16,1,Dance Monkey,Tones and I
2019-11-23,1,Dance Monkey,Tones and I
2019-11-30,1,Dance Monkey,Tones and I
2019-12-07,1,Dance Monkey,Tones and I
2019-12-14,1,Dance Monkey,Tones and I
2019-12-21,1,Dance Monkey,Tones and I
2019-12-28,1,Dance Monkey,Tones and I
2020-01-04,1,Dance Monkey,Tones and I
2020-01-11,1,Dance Monkey,Tones and I
2020-01-18,1,Dance Monkey,Tones and I
2020-01-25,1,Blinding Lights,The Weeknd
2020-01-25,1,Dance Monkey,Tones and I
2020-02-01,1,Blinding Lights,The Weeknd
2020-02-08,1,Blinding Lights,The Weeknd
2020-02-15,1,Blinding Lights,The Weeknd
2020-02-22,1,Blinding Lights,The Weeknd
2020-02-29,1,Blinding Lights,The Weeknd
2020-03-07,1,Blinding Lights,The Weeknd
2020-03-14,1,Blinding Lights,The Weeknd
2020-03-21,1,Blinding Lights,The Weeknd
2020-03-21,1,Lettre à une femme,Ninho
2020-03-28,1,Blinding Lights,The Weeknd
2020-04-04,1,Blinding Lights,The Weeknd
2020-04-11,1,Blinding Lights,The Weeknd
2020-04-18,1,Blinding Lights,The Weeknd
2020-04-25,1,Blinding Lights,The Weeknd
2020-05-02,1,Roses,Saint Jhn
2020-05-02,1,Kom wat dichterbij,Regi featuring Jake Reese and OT
2020-05-09,1,Roses,Saint Jhn
2020-05-09,1,Kom wat dichterbij,Regi featuring Jake Reese and OT
2020-05-16,1,Blinding Lights,The Weeknd
2020-05-16,1,Roses,Saint Jhn
2020-05-23,1,Some Say,Nea
2020-05-23,1,Kom wat dichterbij,Regi Penxten featuring Jake Reese and OT
2020-05-30,1,Blinding Lights,The Weeknd
2020-05-30,1,Some Say,Nea
2020-06-06,1,Blinding Lights,The Weeknd
2020-06-06,1,Breaking Me,Topic featuring A7S
2020-06-13,1,Kom wat dichterbij,Regi Penxten featuring Jake Reese and OT
2020-06-13,1,Breaking Me,Topic featuring A7S
2020-06-20,1,Kom wat dichterbij,Regi Penxten featuring Jake Reese and OT
2020-06-20,1,Djomb,Bosh
2020-06-27,1,Kom wat dichterbij,Regi Penxten featuring Jake Reese and OT
2020-06-27,1,Djomb,Bosh
2020-07-04,1,Djomb,Bosh
2020-07-04,1,Kom wat dichterbij,Regi Penxten featuring Jake Reese and OT
2020-07-11,1,In Your Eyes,The Weeknd
2020-07-11,1,Kom wat dichterbij,Regi Penxten featuring Jake Reese and OT
2020-07-18,1,Kom wat dichterbij,Regi Penxten featuring Jake Reese and OT
2020-07-18,1,In Your Eyes,The Weeknd
2020-07-25,1,In Your Eyes,The Weeknd
2020-07-25,1,Savage Love,Jawsh 685 and Jason Derulo
2020-08-01,1,In Your Eyes,The Weeknd
2020-08-01,1,Savage Love,Jawsh 685 and Jason Derulo
2020-08-08,1,In Your Eyes,The Weeknd
2020-08-08,1,Savage Love,Jawsh 685 and Jason Derulo
2020-08-15,1,Mamacita,"Black Eyed Peas, Ozuna and J Rey Soul"
2020-08-15,1,Savage Love,Jawsh 685 and Jason Derulo
2020-08-22,1,Jerusalema,Master KG featuring Burna Boy and Nomcebo Zikode
2020-08-29,1,Jerusalema,Master KG featuring Burna Boy and Nomcebo Zikode
2020-09-05,1,Jerusalema,Master KG featuring Burna Boy and Nomcebo Zikode
2020-09-12,1,Jerusalema,Master KG featuring Burna Boy and Nomcebo Zikode
2020-09-19,1,Jerusalema,Master KG featuring Burna Boy and Nomcebo Zikode
2020-09-26,1,BXL Zoo,Damso featuring Hamza
2020-09-26,1,Jerusalema,Master KG featuring Burna Boy and Nomcebo Zikode
2020-10-03,1,Jerusalema,Master KG featuring Burna Boy and Nomcebo Zikode
2020-10-10,1,Jerusalema,Master KG featuring Burna Boy and Nomcebo Zikode
2020-10-17,1,Jerusalema,Master KG featuring Burna Boy and Nomcebo Zikode
2020-10-24,1,Jerusalema,Master KG featuring Burna Boy and Nomcebo Zikode
2020-10-31,1,Head & Heart,Joel Corry featuring MNEK
2020-10-31,1,Jerusalema,Master KG featuring Burna Boy and Nomcebo Zikode
2020-11-07,1,Head & Heart,Joel Corry featuring MNEK
2020-11-07,1,Fever,Dua Lipa and Angèle
2020-11-14,1,Fever,Dua Lipa and Angèle
2020-11-21,1,Fever,Dua Lipa and Angèle
2020-11-28,1,Fever,Dua Lipa and Angèle
2020-11-28,1,Head & Heart,Joel Corry featuring MNEK
2020-12-05,1,Fever,Dua Lipa and Angèle
2020-12-12,1,Fever,Dua Lipa and Angèle
2020-12-19,1,Fever,Dua Lipa and Angèle
2020-12-26,1,Fever,Dua Lipa and Angèle
2021-01-02,1,Nu wij niet meer praten,Jaap Reesema and Pommelien Thijs
2021-01-02,1,Fever,Dua Lipa and Angèle
2021-01-09,1,Fever,Dua Lipa and Angèle
2021-01-16,1,Fever,Dua Lipa and Angèle
2021-01-23,1,Drivers License,Olivia Rodrigo
2021-01-23,1,Fever,Dua Lipa and Angèle
2021-01-30,1,Drivers License,Olivia Rodrigo
2021-01-30,1,Fever,Dua Lipa and Angèle
2021-02-06,1,Drivers License,Olivia Rodrigo
2021-02-06,1,Fever,Dua Lipa and Angèle
2021-02-13,1,Drivers License,Olivia Rodrigo
2021-02-13,1,Fever,Dua Lipa and Angèle
2021-02-20,1,Fever,Dua Lipa and Angèle
2021-02-20,1,Drivers License,Olivia Rodrigo
2021-02-27,1,Drivers License,Olivia Rodrigo
2021-02-27,1,Fever,Dua Lipa and Angèle
2021-03-06,1,Save Your Tears,The Weeknd
2021-03-13,1,Wellerman,Nathan Evans
2021-03-13,1,Fever,Dua Lipa and Angèle
2021-03-20,1,Without You,The Kid Laroi
2021-03-20,1,Save Your Tears,The Weeknd
2021-03-27,1,Save Your Tears,The Weeknd
2021-03-27,1,Wellerman,Nathan Evans
2021-04-03,1,Wellerman,Nathan Evans
2021-04-03,1,Save Your Tears,The Weeknd
2021-04-10,1,Friday,Riton and Nightcrawlers featuring Mufasa & Hypeman
2021-04-10,1,Save Your Tears,The Weeknd
2021-04-17,1,Save Your Tears,The Weeknd
2021-04-17,1,Wellerman,Nathan Evans
2021-04-24,1,Save Your Tears,The Weeknd
2021-04-24,1,1 op een miljoen,Metejoor featuring Babet
2021-05-01,1,Save Your Tears,The Weeknd
2021-05-01,1,Friday,Riton and Nightcrawlers featuring Mufasa & Hypeman
2021-05-08,1,Morose,Damso
2021-05-08,1,De wereld draait voor jou,Niels Destadsbader and Regi
2021-05-15,1,Save Your Tears,The Weeknd
2021-05-15,1,De wereld draait voor jou,Niels Destadsbader and Regi
2021-05-22,1,Higher Power,Coldplay
2021-05-22,1,Save Your Tears,The Weeknd
2021-05-29,1,The Wrong Place,Hooverphonic
2021-05-29,1,Save Your Tears,The Weeknd
2021-06-05,1,Good 4 U,Olivia Rodrigo
2021-06-05,1,Save Your Tears,The Weeknd
2021-06-12,1,Cover Me in Sunshine,Pink and Willow Sage Hart
2021-06-12,1,Good 4 U,Olivia Rodrigo
2021-06-19,1,Petrouchka,Soso Maness featuring PLK
2021-06-19,1,Good 4 U,Olivia Rodrigo
2021-06-26,1,Petrouchka,Soso Maness featuring PLK
2021-06-26,1,Good 4 U,Olivia Rodrigo
2021-07-03,1,Good 4 U,Olivia Rodrigo
2021-07-03,1,Cover Me in Sunshine,Pink and Willow Sage Hart
2021-07-10,1,Cover Me in Sunshine,Pink and Willow Sage Hart
2021-07-10,1,Bad Habits,Ed Sheeran
2021-07-17,1,Bad Habits,Ed Sheeran
2021-07-17,1,Cover Me in Sunshine,Pink and Willow Sage Hart
2021-07-24,1,Cover Me in Sunshine,Pink and Willow Sage Hart
2021-07-24,1,Bad Habits,Ed Sheeran
2021-07-31,1,Never Going Home,Kungs
2021-07-31,1,Bad Habits,Ed Sheeran
2021-08-07,1,Bad Habits,Ed Sheeran
2021-08-14,1,Bad Habits,Ed Sheeran
2021-08-21,1,Bad Habits,Ed Sheeran
2021-08-28,1,Bad Habits,Ed Sheeran
2021-08-28,1,Love Tonight,Shouse
2021-09-04,1,Love Tonight,Shouse
2021-09-04,1,Bad Habits,Ed Sheeran
2021-09-11,1,Bad Habits,Ed Sheeran
2021-09-11,1,Love Tonight,Shouse
2021-09-18,1,Love Tonight,Shouse
2021-09-18,1,Bad Habits,Ed Sheeran
2021-09-25,1,Love Tonight,Shouse
2021-09-25,1,Bad Habits,Ed Sheeran
2021-10-02,1,Love Tonight,Shouse
2021-10-02,1,Stay,The Kid Laroi and Justin Bieber
2021-10-09,1,Stay,The Kid Laroi and Justin Bieber
2021-10-09,1,Bad Habits,Ed Sheeran
2021-10-16,1,Stay,The Kid Laroi and Justin Bieber
2021-10-23,1,Easy on Me,Adele
2021-10-23,1,Santé,Stromae
2021-10-30,1,Bruxelles je t'aime,Angèle
2021-10-30,1,Easy on Me,Adele
2021-11-06,1,Easy on Me,Adele
2021-11-06,1,Cold Heart,Elton John and Dua Lipa
2021-11-13,1,Bruxelles je t'aime,Angèle
2021-11-13,1,Easy on Me,Adele
2021-11-20,1,Easy on Me,Adele
2021-11-20,1,Cold Heart,Elton John and Dua Lipa
2021-11-27,1,Easy on Me,Adele
2021-12-04,1,Easy on Me,Adele
2021-12-11,1,Easy on Me,Adele
2021-12-11,1,Bruxelles je t'aime,Angèle
2021-12-18,1,Easy on Me,Adele
2021-12-18,1,Bruxelles je t'aime,Angèle
2021-12-25,1,Waterval,K3
2021-12-25,1,Bruxelles je t'aime,Angèle
2022-01-01,1,Merry Christmas,Ed Sheeran and Elton John
2022-01-01,1,Bruxelles je t'aime,Angèle
2022-01-08,1,Easy on Me,Adele
2022-01-08,1,Bruxelles je t'aime,Angèle
2022-01-15,1,Easy on Me,Adele
2022-01-15,1,Bruxelles je t'aime,Angèle
2022-01-22,1,L'enfer,Stromae
2022-01-29,1,Dat heb jij gedaan,Meau
2022-01-29,1,L'enfer,Stromae
2022-02-05,1,Dat heb jij gedaan,Meau
2022-02-05,1,ABCDEFU,Gayle
2022-02-12,1,Dat heb jij gedaan,Meau
2022-02-12,1,ABCDEFU,Gayle
2022-02-19,1,Dat heb jij gedaan,Meau
2022-02-19,1,ABCDEFU,Gayle
2022-02-26,1,Dat heb jij gedaan,Meau
2022-02-26,1,L'enfer,Stromae
2022-03-05,1,Dit is wat mijn mama zei,Metejoor
2022-03-05,1,L'enfer,Stromae
2022-03-12,1,L'enfer,Stromae
2022-03-19,1,Dit is wat mijn mama zei,Metejoor
2022-03-19,1,L'enfer,Stromae
2022-03-26,1,L'enfer,Stromae
2022-03-26,1,Mijn kleine presidentje,Jaap Reesema
2022-04-02,1,Dit is wat mijn mama zei,Metejoor
2022-04-02,1,L'enfer,Stromae
2022-04-09,1,As It Was,Harry Styles
2022-04-09,1,ABCDEFU,Gayle
2022-04-16,1,As It Was,Harry Styles
2022-04-16,1,L'enfer,Stromae
2022-04-23,1,L'enfer,Stromae
2022-04-23,1,As It Was,Harry Styles
2022-04-30,1,As It Was,Harry Styles
2022-05-07,1,As It Was,Harry Styles
2022-05-14,1,As It Was,Harry Styles
2022-05-21,1,Miss You,Jérémie Makiese
2022-05-21,1,As It Was,Harry Styles
2022-05-28,1,As It Was,Harry Styles
2022-06-04,1,As It Was,Harry Styles
2022-06-11,1,As It Was,Harry Styles
2022-06-18,1,As It Was,Harry Styles
2022-06-25,1,As It Was,Harry Styles
2022-07-02,1,Chop,Fresh
2022-07-02,1,As It Was,Harry Styles
2022-07-09,1,As It Was,Harry Styles
2022-07-09,1,Chop,Fresh
2022-07-16,1,Chop,Fresh
2022-07-16,1,As It Was,Harry Styles
2022-07-23,1,Calm Down,Rema
2022-07-23,1,Ferrari,James Hype and Miggy Dela Rosa
2022-07-30,1,Calm Down,Rema
2022-07-30,1,Ferrari,James Hype and Miggy Dela Rosa
2022-08-06,1,Calm Down,Rema
2022-08-06,1,Ferrari,James Hype and Miggy Dela Rosa
2022-08-13,1,Calm Down,Rema
2022-08-13,1,Ongewoon,Pommelien Thijs
2022-08-20,1,Snap,Rosa Linn
2022-08-20,1,Calm Down,Rema
2022-08-27,1,Snap,Rosa Linn
2022-08-27,1,Calm Down,Rema
2022-09-03,1,Calm Down,Rema
2022-09-03,1,Snap,Rosa Linn
2022-09-10,1,Calm Down,Rema
2022-09-10,1,Snap,Rosa Linn
2022-09-17,1,Calm Down,Rema
2022-09-17,1,Snap,Rosa Linn
2022-09-24,1,Calm Down,Rema
2022-09-24,1,Snap,Rosa Linn
2022-10-01,1,Snap,Rosa Linn
2022-10-01,1,Calm Down,Rema
2022-10-08,1,Calm Down,Rema
2022-10-08,1,I'm Good,David Guetta and Bebe Rexha
2022-10-15,1,I'm Good,David Guetta and Bebe Rexha
2022-10-22,1,I'm Good,David Guetta and Bebe Rexha
2022-10-22,1,I Ain't Worried,OneRepublic
2022-10-29,1,I'm Good,David Guetta and Bebe Rexha
2022-10-29,1,I Ain't Worried,OneRepublic
2022-11-05,1,I'm Good,David Guetta and Bebe Rexha
2022-11-12,1,Anti-Hero,Taylor Swift
2022-11-12,1,I'm Good,David Guetta and Bebe Rexha
2022-11-19,1,Unholy,Sam Smith and Kim Petras
2022-11-19,1,I'm Good,David Guetta and Bebe Rexha
2022-11-26,1,Unholy,Sam Smith and Kim Petras
2022-11-26,1,Warrior,Oscar and the Wolf
2022-12-03,1,Warrior,Oscar and the Wolf
2022-12-03,1,Snap,Rosa Linn
2022-12-10,1,Anti-Hero,Taylor Swift
2022-12-10,1,Snap,Rosa Linn
2022-12-17,1,Anti-Hero,Taylor Swift
2022-12-17,1,Snap,Rosa Linn
2022-12-24,1,Anti-Hero,Taylor Swift
2022-12-24,1,Lift Me Up,Rihanna
2022-12-31,1,All I Want for Christmas Is You,Mariah Carey
2023-01-07,1,I'm Good,David Guetta and Bebe Rexha
2023-01-07,1,Anti-Hero,Taylor Swift
2023-01-14,1,The Loneliest,Måneskin
2023-01-14,1,Anti-Hero,Taylor Swift
2023-01-21,1,The Loneliest,Måneskin
2023-01-21,1,Flowers,Miley Cyrus
2023-01-28,1,Flowers,Miley Cyrus
2023-02-04,1,Flowers,Miley Cyrus
2023-02-11,1,Flowers,Miley Cyrus
2023-02-18,1,Flowers,Miley Cyrus
2023-02-25,1,Flowers,Miley Cyrus
2023-03-04,1,Flowers,Miley Cyrus
2023-03-11,1,Flowers,Miley Cyrus
2023-03-11,1,People Help the People,Artiesten voor 12-12
2023-03-18,1,Flowers,Miley Cyrus
2023-03-25,1,Flowers,Miley Cyrus
2023-04-01,1,Flowers,Miley Cyrus
2023-04-08,1,Flowers,Miley Cyrus
2023-04-15,1,Flowers,Miley Cyrus
2023-04-22,1,Flowers,Miley Cyrus
2023-04-29,1,Flowers,Miley Cyrus
2023-05-06,1,Flowers,Miley Cyrus
2023-05-13,1,Flowers,Miley Cyrus
2023-05-20,1,Tattoo,Loreen
2023-05-20,1,Flowers,Miley Cyrus
2023-05-27,1,Flowers,Miley Cyrus
2023-05-27,1,Tattoo,Loreen
2023-06-03,1,Tattoo,Loreen
2023-06-03,1,Flowers,Miley Cyrus
2023-06-10,1,Tattoo,Loreen
2023-06-10,1,Flowers,Miley Cyrus
2023-06-17,1,Tattoo,Loreen
2023-06-24,1,Tattoo,Loreen
2023-07-01,1,Tattoo,Loreen
2023-07-08,1,Tattoo,Loreen
2023-07-15,1,Tattoo,Loreen
2023-07-22,1,Tattoo,Loreen
2023-07-29,1,Dance the Night,Dua Lipa
2023-07-29,1,Erop of eronder,Pommelien Thijs
2023-08-05,1,Dance the Night,Dua Lipa
2023-08-05,1,Nanana,Peggy Gou
2023-08-12,1,Dance the Night,Dua Lipa
2023-08-19,1,Dance the Night,Dua Lipa
2023-08-19,1,Erop of eronder,Pommelien Thijs
2023-08-26,1,Erop of eronder,Pommelien Thijs
2023-08-26,1,Dance the Night,Dua Lipa
2023-09-02,1,Erop of eronder,Pommelien Thijs
2023-09-02,1,Dance the Night,Dua Lipa
2023-09-09,1,Erop of eronder,Pommelien Thijs
2023-09-09,1,Dance the Night,Dua Lipa
2023-09-16,1,Erop of eronder,Pommelien Thijs
2023-09-16,1,Dance the Night,Dua Lipa
2023-09-23,1,Dance the Night,Dua Lipa
2023-09-23,1,Nanana,Peggy Gou
2023-09-30,1,Dance the Night,Dua Lipa
2023-09-30,1,Eigen schuld,Metejoor
2023-10-07,1,Dance the Night,Dua Lipa
2023-10-07,1,Eigen schuld,Metejoor
2023-10-14,1,Dance the Night,Dua Lipa
2023-10-21,1,Prada,"Cassö, Raye and D-Block Europe"
2023-10-21,1,Dance the Night,Dua Lipa
2023-10-28,1,Prada,"Cassö, Raye and D-Block Europe"
2023-10-28,1,Si No Estás,Iñigo Quintero
2023-11-04,1,Prada,"Cassö, Raye and D-Block Europe"
2023-11-04,1,Si No Estás,Iñigo Quintero
2023-11-11,1,Eigen schuld,Metejoor
2023-11-11,1,Si No Estás,Iñigo Quintero
2023-11-18,1,Houdini,Dua Lipa
2023-11-18,1,Si No Estás,Iñigo Quintero
2023-11-25,1,Si No Estás,Iñigo Quintero
2023-11-25,1,Prada,"Cassö, Raye and D-Block Europe"
2023-12-02,1,Strangers,Kenya Grace
2023-12-02,1,Lose Control,Teddy Swims
2023-12-09,1,Prada,"Cassö, Raye and D-Block Europe"
2023-12-09,1,Si No Estás,Iñigo Quintero
2023-12-16,1,Gimme Love,Sia
2023-12-16,1,Prada,"Cassö, Raye and D-Block Europe"
2023-12-23,1,Stick Season,Noah Kahan
2023-12-23,1,Gimme Love,Sia
2023-12-30,1,All I Want for Christmas Is You,Mariah Carey
2024-01-06,1,Houdini,Dua Lipa
2024-01-06,1,Prada,"Cassö, Raye and D-Block Europe"
2024-01-13,1,Stick Season,Noah Kahan
2024-01-13,1,Houdini,Dua Lipa
2024-01-20,1,Houdini,Dua Lipa
2024-01-20,1,Stick Season,Noah Kahan
2024-01-27,1,Stick Season,Noah Kahan
2024-01-27,1,Houdini,Dua Lipa
2024-02-03,1,Stick Season,Noah Kahan
2024-02-03,1,Lose Control,Teddy Swims
2024-02-10,1,Stick Season,Noah Kahan
2024-02-10,1,Houdini,Dua Lipa
2024-02-17,1,Stick Season,Noah Kahan
2024-02-17,1,Ceux qu'on était,Pierre Garnier
2024-02-24,1,Stick Season,Noah Kahan
2024-02-24,1,Ceux qu'on était,Pierre Garnier
2024-03-02,1,Het beste moet nog komen,Pommelien Thijs
2024-03-02,1,Ceux qu'on était,Pierre Garnier
2024-03-09,1,Ceux qu'on était,Pierre Garnier
2024-03-09,1,Europapa,Joost
2024-03-16,1,Europapa,Joost
2024-03-16,1,Ceux qu'on était,Pierre Garnier
2024-03-23,1,Europapa,Joost
2024-03-23,1,Beautiful Things,Benson Boone
2024-03-30,1,Europapa,Joost
2024-03-30,1,Beautiful Things,Benson Boone
2024-04-06,1,Beautiful Things,Benson Boone
2024-04-06,1,Texas Hold 'Em,Beyoncé
2024-04-13,1,Texas Hold 'Em,Beyoncé
2024-04-13,1,Beautiful Things,Benson Boone
2024-04-20,1,Texas Hold 'Em,Beyoncé
2024-04-20,1,Beautiful Things,Benson Boone
2024-04-27,1,Beautiful Things,Benson Boone
2024-05-04,1,I Like the Way You Kiss Me,Artemas
2024-05-04,1,Beautiful Things,Benson Boone
2024-05-11,1,I Like the Way You Kiss Me,Artemas
2024-05-11,1,Beautiful Things,Benson Boone
2024-05-18,1,Europapa,Joost
2024-05-18,1,Beautiful Things,Benson Boone
2024-05-25,1,Europapa,Joost
2024-05-25,1,Imagine,Carbonne
2024-06-01,1,Imagine,Carbonne
2024-06-01,1,Europapa,Joost
2024-06-08,1,Beautiful Things,Benson Boone
2024-06-08,1,Europapa,Joost
2024-06-15,1,Imagine,Carbonne
2024-06-15,1,Stargazing,Myles Smith
2024-06-22,1,Imagine,Carbonne
2024-06-22,1,Stargazing,Myles Smith
2024-06-29,1,Espresso,Sabrina Carpenter
2024-07-06,1,Spider,Gims and Dystinct
2024-07-06,1,Stumblin' In,Cyril
2024-07-13,1,Imagine,Carbonne
2024-07-13,1,Belong Together,Mark Ambor
2024-07-20,1,Spider,Gims and Dystinct
2024-07-20,1,Belong Together,Mark Ambor
2024-07-27,1,Belong Together,Mark Ambor
2024-07-27,1,Spider,Gims and Dystinct
2024-08-03,1,Spider,Gims and Dystinct
2024-08-03,1,Stargazing,Myles Smith
2024-08-10,1,Spider,Gims and Dystinct
2024-08-10,1,Stargazing,Myles Smith
2024-08-17,1,Stargazing,Myles Smith
2024-08-17,1,Spider,Gims and Dystinct
2024-08-24,1,Stargazing,Myles Smith
2024-08-24,1,Spider,Gims and Dystinct
2024-08-31,1,Move,Adam Port and Stryv featuring Malachiii
2024-08-31,1,Spider,Gims and Dystinct
2024-09-07,1,Spider,Gims and Dystinct
2024-09-07,1,Ik wil dat je liegt,Hannah Mae and Maksim
2024-09-14,1,Ik wil dat je liegt,Hannah Mae and Maksim
2024-09-14,1,Sois pas timide,Gims
2024-09-21,1,Black Friday,Lost Frequencies and Tom Odell
2024-09-21,1,Sois pas timide,Gims
2024-09-28,1,Sois pas timide,Gims
2024-09-28,1,A Bar Song,Shaboozey
2024-10-05,1,Black Friday,Lost Frequencies and Tom Odell
2024-10-05,1,Sois pas timide,Gims
2024-10-12,1,Sois pas timide,Gims
2024-10-12,1,Die with a Smile,Lady Gaga and Bruno Mars
2024-10-19,1,Cartier Santos,SDM
2024-10-19,1,Het midden,Pommelien Thijs and Meau
2024-10-26,1,Het midden,Pommelien Thijs and Meau
2024-10-26,1,Cartier Santos,SDM
2024-11-02,1,A Bar Song,Shaboozey
2024-11-02,1,Sois pas timide,Gims
2024-11-09,1,Sois pas timide,Gims
2024-11-09,1,A Bar Song,Shaboozey
2024-11-16,1,Die with a Smile,Lady Gaga and Bruno Mars
2024-11-16,1,Sois pas timide,Gims
2024-11-23,1,Sois pas timide,Gims
2024-11-23,1,Het midden,Pommelien Thijs and Meau
2024-11-30,1,Sois pas timide,Gims
2024-11-30,1,That's So True,Gracie Abrams
2024-12-07,1,Ma meilleure ennemie,Stromae and Pomme
2024-12-07,1,That's So True,Gracie Abrams
2024-12-14,1,That's So True,Gracie Abrams
2024-12-14,1,Nanani Nanana,Gazo
2024-12-21,1,That's So True,Gracie Abrams
2024-12-21,1,Nanani Nanana,Gazo
2024-12-28,1,Het midden,Pommelien Thijs and Meau
2024-12-28,1,Ma meilleure ennemie,Stromae and Pomme
2025-01-04,1,That's So True,Gracie Abrams
2025-01-04,1,Ma meilleure ennemie,Stromae and Pomme
2025-01-11,1,That's So True,Gracie Abrams
2025-01-11,1,Ma meilleure ennemie,Stromae and Pomme
2025-01-18,1,That's So True,Gracie Abrams
2025-01-18,1,Ma meilleure ennemie,Stromae and Pomme
2025-01-25,1,APT.,Rosé and Bruno Mars
2025-01-25,1,That's So True,Gracie Abrams
2025-02-01,1,APT.,Rosé and Bruno Mars
2025-02-08,1,APT.,Rosé and Bruno Mars
2025-02-15,1,APT.,Rosé and Bruno Mars
2025-02-15,1,Messy,Lola Young
2025-02-22,1,APT.,Rosé and Bruno Mars
2025-02-22,1,Messy,Lola Young
2025-03-01,1,Ciel,Gims
2025-03-01,1,Messy,Lola Young
2025-03-08,1,Messy,Lola Young
2025-03-08,1,Ciel,Gims
2025-03-15,1,Messy,Lola Young
2025-03-15,1,Ciel,Gims
2025-03-22,1,Messy,Lola Young
2025-03-22,1,Ciel,Gims
2025-03-29,1,Atlas,Pommelien Thijs
2025-03-29,1,Ciel,Gims
2025-04-05,1,Ciel,Gims
2025-04-05,1,Atlas,Pommelien Thijs
2025-04-12,1,Atlas,Pommelien Thijs
2025-04-12,1,Ciel,Gims
2025-04-19,1,Atlas,Pommelien Thijs
2025-04-19,1,Messy,Lola Young
2025-04-26,1,Atlas,Pommelien Thijs
2025-04-26,1,Ciel,Gims
2025-05-03,1,Atlas,Pommelien Thijs
2025-05-03,1,Ciel,Gims
2025-05-10,1,Atlas,Pommelien Thijs
2025-05-10,1,Ciel,Gims
2025-05-17,1,Ordinary,Alex Warren
2025-05-17,1,Atlas,Pommelien Thijs
2025-05-24,1,Ordinary,Alex Warren
2025-05-24,1,Kyky2bondy,Hamza
2025-05-31,1,Kyky2bondy,Hamza
2025-05-31,1,Ordinary,Alex Warren
2025-06-07,1,Impardonnable,Damso
2025-06-07,1,Atlas,Pommelien Thijs
2025-06-14,1,Atlas,Pommelien Thijs
2025-06-14,1,Impardonnable,Damso
2025-06-21,1,Ordinary,Alex Warren
2025-06-28,1,Atlas,Pommelien Thijs
2025-06-28,1,Kyky2bondy,Hamza
2025-07-05,1,Ordinary,Alex Warren
2025-07-05,1,Atlas,Pommelien Thijs
2025-07-12,1,Ordinary,Alex Warren
2025-07-12,1,Azizam,Ed Sheeran
2025-07-19,1,Ordinary,Alex Warren
2025-07-19,1,Atlas,Pommelien Thijs
2025-07-26,1,Ordinary,Alex Warren
2025-07-26,1,Atlas,Pommelien Thijs
2025-08-02,1,Atlas,Pommelien Thijs
2025-08-02,1,Ordinary,Alex Warren
2025-08-09,1,Charger,Triangle des Bermudes
2025-08-09,1,Atlas,Pommelien Thijs
2025-08-16,1,Soleil bleu,Bleu Soleil with Luiza
2025-08-16,1,Atlas,Pommelien Thijs
2025-08-23,1,Soleil bleu,Bleu Soleil with Luiza
2025-08-23,1,Atlas,Pommelien Thijs
2025-08-30,1,Atlas,Pommelien Thijs
2025-08-30,1,Soleil bleu,Bleu Soleil with Luiza
2025-09-06,1,Soleil bleu,Bleu Soleil with Luiza
2025-09-06,1,Atlas,Pommelien Thijs
2025-09-13,1,Soleil bleu,Bleu Soleil with Luiza
2025-09-13,1,Atlas,Pommelien Thijs
2025-09-20,1,Soleil bleu,Bleu Soleil with Luiza
2025-09-20,1,Atlas,Pommelien Thijs
2025-09-27,1,Soleil bleu,Bleu Soleil with Luiza
2025-09-27,1,Man I Need,Olivia Dean
2025-10-04,1,Soleil bleu,Bleu Soleil with Luiza
2025-10-04,1,Man I Need,Olivia Dean
2025-10-11,1,Soleil bleu,Bleu Soleil with Luiza
2025-10-11,1,The Fate of Ophelia,Taylor Swift
2025-10-18,1,Soleil bleu,Bleu Soleil with Luiza
2025-10-18,1,The Fate of Ophelia,Taylor Swift
2025-10-25,1,Melodrama,Disiz and Theodora
2025-10-25,1,Man I Need,Olivia Dean
2025-11-01,1,Melodrama,Disiz and Theodora
2025-11-01,1,Man I Need,Olivia Dean
2025-11-08,1,Man I Need,Olivia Dean
2025-11-08,1,Melodrama,Disiz and Theodora
2025-11-15,1,Man I Need,Olivia Dean
2025-11-15,1,Melodrama,Disiz and Theodora
2025-11-22,1,Man I Need,Olivia Dean
2025-11-22,1,Melodrama,Disiz and Theodora
2025-11-29,1,Melodrama,Disiz and Theodora
2025-11-29,1,The Fate of Ophelia,Taylor Swift
2025-12-06,1,The Fate of Ophelia,Taylor Swift
2025-12-06,1,Melodrama,Disiz and Theodora
2025-12-13,1,Man I Need,Olivia Dean
2025-12-13,1,Melodrama,Disiz and Theodora
2025-12-20,1,Melodrama,Disiz and Theodora
2025-12-20,1,The Fate of Ophelia,Taylor Swift
2025-12-27,1,Melodrama,Disiz and Theodora
2025-12-27,1,The Fate of Ophelia,Taylor Swift
2026-01-03,1,The Fate of Ophelia,Taylor Swift
2026-01-03,1,Melodrama,Disiz and Theodora
2026-01-10,1,Man I Need,Olivia Dean
2026-01-10,1,Melodrama,Disiz and Theodora
2026-01-17,1,The Fate of Ophelia,Taylor Swift
2026-01-17,1,Melodrama,Disiz and Theodora
2026-01-24,1,I Just Might,Bruno Mars
2026-01-24,1,Melodrama,Disiz and Theodora
2026-01-31,1,I Just Might,Bruno Mars
2026-01-31,1,Melodrama,Disiz and Theodora
2026-02-07,1,I Just Might,Bruno Mars
2026-02-07,1,Melodrama,Disiz and Theodora
2026-02-14,1,Gabriela,Katseye
2026-02-14,1,I Just Might,Bruno Mars
2026-02-21,1,I Just Might,Bruno Mars
2026-02-21,1,Melodrama,Disiz and Theodora
2026-02-28,1,I Just Might,Bruno Mars
2026-02-28,1,Melodrama,Disiz and Theodora
2026-03-07,1,I Just Might,Bruno Mars
2026-03-07,1,What You Want,Angèle featuring Justice
